id,county_name,state,relative,absolute
1001,Autauga,AL,0.444,38.4
1003,Baldwin,AL,0.336,39.6
1005,Barbour,GA,0.398,36.1
1007,Bibb,AL,0.434,39.1
1009,Blount,AL,0.317,42
1011,Bullock,AL,0.365,34.2
1013,Butler,AL,0.494,37.9
1015,Calhoun,GA,0.399,38.3
1017,Chambers,GA,0.386,35.4
1019,Cherokee,GA,0.404,37
1021,Chilton,AL,0.363,40.3
1023,Choctaw,AL,0.337,40.5
1025,Clarke,AL,0.387,39.9
1027,Clay,AL,0.356,40.9
1029,Cleburne,GA,0.404,43.9
1031,Coffee,AL,0.394,41
1033,Colbert,AL,0.419,38.8
1035,Conecuh,AL,0.359,38.5
1037,Coosa,AL,0.291,37.9
1039,Covington,AL,0.417,43.4
1041,Crenshaw,AL,0.373,44
1043,Cullman,AL,0.335,42.2
1045,Dale,AL,0.402,39.8
1047,Dallas,AL,0.413,35.5
1049,De Kalb,AL,0.352,42.4
1051,Elmore,AL,0.376,39.1
1053,Escambia,AL,0.407,40.2
1055,Etowah,AL,0.395,39.3
1057,Fayette,AL,0.53,42.8
1059,Franklin,AL,0.371,42.6
1061,Geneva,AL,0.486,38.6
1063,Greene,AL,0.33,34.8
1065,Hale,AL,0.413,37.2
1067,Henry,AL,0.37,37.7
1069,Houston,AL,0.406,38.1
1071,Jackson,AL,0.385,42.1
1073,Jefferson,AL,0.407,36.2
1075,Lamar,AL,0.443,44.3
1077,Lauderdale,AL,0.34,42.2
1079,Lawrence,AL,0.349,40.6
1081,Lee,AL,0.384,36.7
1083,Limestone,AL,0.377,38.9
1085,Lowndes,AL,0.349,34.7
1087,Macon,AL,0.334,33.7
1089,Madison,AL,0.373,37.1
1091,Marengo,AL,0.432,37.8
1093,Marion,AL,0.392,43.2
1095,Marshall,AL,0.339,41.7
1097,Mobile,AL,0.399,37.4
1099,Monroe,AL,0.389,38.1
1101,Montgomery,AL,0.439,34.3
1103,Morgan,AL,0.357,38.8
1105,Perry,AL,0.42,36
1107,Pickens,MS,0.469,37.7
1109,Pike,AL,0.427,40
1111,Randolph,GA,0.371,38.2
1113,Russell,GA,0.354,35.7
1115,St Clair,AL,0.323,40.8
1117,Shelby,AL,0.363,40.4
1119,Sumter,AL,0.349,35.7
1121,Talladega,AL,0.417,37.4
1123,Tallapoosa,AL,0.481,38
1125,Tuscaloosa,AL,0.41,37.3
1127,Walker,AL,0.33,41.1
1129,Washington,AL,0.393,43.1
1131,Wilcox,AL,0.445,35.1
1133,Winston,AL,0.42,41.1
2013,Aleutians East,AK,,
2016,Aleutians West,AK,,
2020,Anchorage,AK,0.285,44.1
2050,Bethel,AK,0.294,34.1
2060,Bristol Bay,AK,,
2068,Denali,AK,,
2070,Dillingham,AK,,
2090,Fairbanks North Star,AK,0.263,45
2100,Haines,AK,,
2110,Juneau,AK,0.298,41.7
2122,Kenai Peninsula,AK,0.259,47.3
2130,Ketchikan Gateway,AK,0.214,43.8
2150,Kodiak Island,AK,0.231,45.7
2164,Lake and Peninsula,AK,,
2170,Matanuska Susitna,AK,0.234,47.7
2180,Nome,AK,0.429,30.7
2185,North Slope,AK,0.355,31.2
2188,Northwest Arctic,AK,0.35,31.3
2201,Prince Wales Ketchikan,AK,0.302,38.6
2220,Sitka,AK,0.283,38
2232,Skagway Hoonah Angoon,AK,,
2240,Southeast Fairbanks,AK,0.179,50.7
2261,Valdez Cordova,AK,0.281,45.9
2270,Wade Hampton,AK,,
2280,Wrangell Petersburg,AK,0.244,44.2
2282,Yakutat,AK,,
2290,Yukon Koyukuk,AK,0.384,41.9
4001,Apache,AZ,0.287,34.6
4003,Cochise,AZ,0.265,42.9
4005,Coconino,AZ,0.278,39.5
4007,Gila,AZ,0.346,38.2
4009,Graham,AZ,0.301,44.7
4011,Greenlee,AZ,0.333,44.4
4012,La Paz,CA,0.38,37.2
4013,Maricopa,AZ,0.287,40.7
4015,Mohave,NV,0.292,40.4
4017,Navajo,AZ,0.313,35.8
4019,Pima,AZ,0.305,39
4021,Pinal,AZ,0.33,36.1
4023,Santa Cruz,AZ,0.181,43
4025,Yavapai,AZ,0.235,43.2
4027,Yuma,CA,0.241,44
5001,Arkansas,AR,0.413,39.8
5003,Ashley,AR,0.387,38.6
5005,Baxter,AR,0.294,43.5
5007,Benton,AR,0.298,44
5009,Boone,AR,0.308,44.8
5011,Bradley,AR,0.46,40.7
5013,Calhoun,AR,,
5015,Carroll,AR,0.285,44.4
5017,Chicot,AR,0.456,35.1
5019,Clark,AR,0.366,41
5021,Clay,AR,0.346,42.3
5023,Cleburne,AR,0.256,46.8
5025,Cleveland,AR,0.377,40.2
5027,Columbia,AR,0.394,39.6
5029,Conway,AR,0.429,42.9
5031,Craighead,AR,0.343,41.2
5033,Crawford,AR,0.336,41
5035,Crittenden,AR,0.46,33.5
5037,Cross,AR,0.381,39
5039,Dallas,AR,0.428,37.1
5041,Desha,AR,0.411,36.4
5043,Drew,AR,0.459,38.1
5045,Faulkner,AR,0.341,43.3
5047,Franklin,AR,0.264,45.4
5049,Fulton,MO,0.324,44.8
5051,Garland,AR,0.366,40.2
5053,Grant,AR,0.403,43.4
5055,Greene,AR,0.344,40.7
5057,Hempstead,AR,0.33,37.8
5059,Hot Spring,AR,0.375,39.7
5061,Howard,AR,0.368,39
5063,Independence,AR,0.32,44.3
5065,Izard,AR,0.312,44.1
5067,Jackson,AR,0.379,38.6
5069,Jefferson,AR,0.424,35.7
5071,Johnson,AR,0.342,43.5
5073,Lafayette,AR,0.485,36.1
5075,Lawrence,AR,0.357,43.2
5077,Lee,AR,0.35,37.4
5079,Lincoln,AR,0.335,38.4
5081,Little River,TX,0.255,41.4
5083,Logan,AR,0.395,43.1
5085,Lonoke,AR,0.354,39.9
5087,Madison,AR,0.325,43.4
5089,Marion,AR,0.23,44.1
5091,Miller,TX,0.401,38.1
5093,Mississippi,AR,0.407,36.9
5095,Monroe,AR,0.435,39.8
5097,Montgomery,AR,,
5099,Nevada,AR,0.391,39.8
5101,Newton,AR,0.38,42.9
5103,Ouachita,AR,0.416,37.5
5105,Perry,AR,0.339,44
5107,Phillips,AR,0.47,35
5109,Pike,AR,0.323,45.3
5111,Poinsett,AR,0.439,38
5113,Polk,OK,0.307,45.3
5115,Pope,AR,0.335,41.4
5117,Prairie,AR,0.301,40.5
5119,Pulaski,AR,0.407,35.8
5121,Randolph,AR,0.358,43
5123,St Francis,AR,0.435,35.1
5125,Saline,AR,0.356,40.6
5127,Scott,AR,0.415,42.7
5129,Searcy,AR,0.257,46.9
5131,Sebastian,AR,0.365,40.2
5133,Sevier,OK,0.363,44.3
5135,Sharp,AR,0.331,43.7
5137,Stone,AR,0.368,40
5139,Union,AR,0.455,37.4
5141,Van Buren,AR,0.256,45.4
5143,Washington,AR,0.325,42.8
5145,White,AR,0.344,42.8
5147,Woodruff,AR,0.477,37.6
5149,Yell,AR,0.201,42.1
6001,Alameda,CA,0.271,42.5
6003,Alpine,CA,,
6005,Amador,CA,0.191,44.2
6007,Butte,CA,0.283,41.3
6009,Calaveras,CA,0.231,42.8
6011,Colusa,CA,0.214,47.8
6013,Contra Costa,CA,0.27,43.6
6015,Del Norte,CA,0.288,38.6
6017,El Dorado,CA,0.22,45.6
6019,Fresno,CA,0.308,40.8
6021,Glenn,CA,0.254,43.6
6023,Humboldt,CA,0.306,38.9
6025,Imperial,CA,0.22,44
6027,Inyo,CA,0.315,43.7
6029,Kern,CA,0.256,45.3
6031,Kings,CA,0.269,42.2
6033,Lake,CA,0.265,40.4
6035,Lassen,CA,0.268,44.3
6037,Los Angeles,CA,0.225,43.3
6039,Madera,CA,0.264,41.7
6041,Marin,CA,0.197,46.7
6043,Mariposa,CA,0.254,45.1
6045,Mendocino,CA,0.261,40
6047,Merced,CA,0.26,42
6049,Modoc,CA,0.283,46.7
6051,Mono,CA,0.234,48.1
6053,Monterey,CA,0.217,43.6
6055,Napa,CA,0.191,47.3
6057,Nevada,CA,0.232,44.2
6059,Orange,CA,0.203,46.4
6061,Placer,CA,0.221,45.4
6063,Plumas,CA,0.257,44
6065,Riverside,CA,0.235,41.8
6067,Sacramento,CA,0.268,41.6
6069,San Benito,CA,0.21,43.8
6071,San Bernardino,CA,0.254,42
6073,San Diego,CA,0.237,44.3
6075,San Francisco,CA,0.184,47.8
6077,San Joaquin,CA,0.253,42.6
6079,San Luis Obispo,CA,0.203,45.1
6081,San Mateo,CA,0.236,47
6083,Santa Barbara,CA,0.223,44.4
6085,Santa Clara,CA,0.233,45.6
6087,Santa Cruz,CA,0.214,43.4
6089,Shasta,CA,0.31,41.9
6091,Sierra,CA,,
6093,Siskiyou,CA,0.247,44.5
6095,Solano,CA,0.258,42.8
6097,Sonoma,CA,0.229,43.6
6099,Stanislaus,CA,0.262,42.2
6101,Sutter,CA,0.269,44.6
6103,Tehama,CA,0.322,41.4
6105,Trinity,CA,0.283,42.5
6107,Tulare,CA,0.285,42.1
6109,Tuolumne,CA,0.241,44.8
6111,Ventura,CA,0.239,44.5
6113,Yolo,CA,0.253,44.3
6115,Yuba,CA,0.258,42.4
8001,Adams,CO,0.29,41.7
8003,Alamosa,CO,0.311,44.1
8005,Arapahoe,CO,0.28,44
8007,Archuleta,NM,0.187,43.7
8009,Baca,CO,,
8011,Bent,CO,,
8013,Boulder,CO,0.198,46.8
8015,Chaffee,CO,0.204,48.1
8017,Cheyenne,CO,,
8019,Clear Creek,CO,,
8021,Conejos,CO,0.238,48
8023,Costilla,CO,,
8025,Crowley,CO,,
8027,Custer,CO,,
8029,Delta,CO,0.209,50.3
8031,Denver,CO,0.312,37.6
8033,Dolores,CO,,
8035,Douglas,CO,0.221,47.9
8037,Eagle,CO,0.243,45.9
8039,Elbert,CO,0.193,46.7
8041,El Paso,CO,0.288,41.2
8043,Fremont,CO,0.246,45.6
8045,Garfield,CO,0.163,49.3
8047,Gilpin,CO,,
8049,Grand,CO,0.306,42.7
8051,Gunnison,CO,0.146,48.3
8053,Hinsdale,CO,,
8055,Huerfano,CO,0.298,43.2
8057,Jackson,WY,,
8059,Jefferson,CO,0.252,45.4
8061,Kiowa,CO,,
8063,Kit Carson,CO,0.214,55.5
8065,Lake,CO,0.285,43
8067,La Plata,NM,0.185,47.8
8069,Larimer,CO,0.246,45.4
8071,Las Animas,CO,0.285,45.5
8073,Lincoln,CO,,
8075,Logan,CO,0.282,50.1
8077,Mesa,CO,0.261,46.6
8079,Mineral,CO,,
8081,Moffat,CO,0.271,48.6
8083,Montezuma,CO,0.199,46.4
8085,Montrose,CO,0.272,45.1
8087,Morgan,CO,0.336,47.8
8089,Otero,CO,0.308,43.2
8091,Ouray,CO,,
8093,Park,CO,0.183,48.6
8095,Phillips,CO,,
8097,Pitkin,CO,0.18,42
8099,Prowers,CO,0.256,48.3
8101,Pueblo,CO,0.368,39.2
8103,Rio Blanco,CO,0.213,56.7
8105,Rio Grande,CO,0.313,44.8
8107,Routt,CO,0.11,50.9
8109,Saguache,CO,0.236,45.3
8111,San Juan,NM,,
8113,San Miguel,CO,,
8115,Sedgwick,NE,,
8117,Summit,CO,0.143,48.4
8119,Teller,CO,0.204,45.6
8121,Washington,CO,,
8123,Weld,CO,0.311,44.3
8125,Yuma,CO,0.292,54.3
9001,Fairfield,CT,0.355,42.9
9003,Hartford,CT,0.384,41.6
9005,Litchfield,CT,0.322,44.3
9007,Middlesex,CT,0.325,44.7
9009,New Haven,CT,0.363,41.9
9011,New London,CT,0.324,42.8
9013,Tolland,CT,0.31,46.1
9015,Windham,CT,0.312,42.9
10001,Kent,DE,0.37,39.7
10003,New Castle,DE,0.399,37.1
10005,Sussex,DE,0.399,37.9
11001,District of Columbia,DC,0.32,35.8
12001,Alachua,FL,0.363,38.1
12003,Baker,FL,0.371,39.6
12005,Bay,FL,0.325,39.7
12007,Bradford,FL,0.386,38.9
12009,Brevard,FL,0.307,39.5
12011,Broward,FL,0.293,40.3
12013,Calhoun,FL,0.408,40.3
12015,Charlotte,FL,0.236,41.9
12017,Citrus,FL,0.287,40.8
12019,Clay,FL,0.29,40.9
12021,Collier,FL,0.283,40.4
12023,Columbia,FL,0.344,38.3
12027,De Soto,FL,0.312,37
12029,Dixie,FL,0.368,41.1
12031,Duval,FL,0.373,36.7
12033,Escambia,FL,0.353,38.1
12035,Flagler,FL,0.287,40.2
12037,Franklin,FL,0.34,36
12039,Gadsden,FL,0.424,33.8
12041,Gilchrist,FL,0.366,41.3
12043,Glades,FL,,
12045,Gulf,FL,0.403,36.1
12047,Hamilton,FL,0.437,37.3
12049,Hardee,FL,0.388,40.7
12051,Hendry,FL,0.25,38.8
12053,Hernando,FL,0.287,40.4
12055,Highlands,FL,0.322,39.5
12057,Hillsborough,FL,0.347,38.7
12059,Holmes,FL,0.423,41.6
12061,Indian River,FL,0.308,38.9
12063,Jackson,FL,0.369,40
12065,Jefferson,FL,0.333,36.7
12067,Lafayette,FL,,
12069,Lake,FL,0.31,38.1
12071,Lee,FL,0.309,39.1
12073,Leon,FL,0.362,37.8
12075,Levy,FL,0.419,38.6
12077,Liberty,FL,,
12079,Madison,FL,0.466,35.4
12081,Manatee,FL,0.325,37.5
12083,Marion,FL,0.344,38.3
12085,Martin,FL,0.301,39.1
12086,Miami-Dade,FL,0.252,42
12087,Monroe,FL,0.221,43.7
12089,Nassau,FL,0.378,37.7
12091,Okaloosa,FL,0.316,40.8
12093,Okeechobee,FL,0.298,39
12095,Orange,FL,0.326,38.5
12097,Osceola,FL,0.272,40.2
12099,Palm Beach,FL,0.302,39.3
12101,Pasco,FL,0.336,39.1
12103,Pinellas,FL,0.322,39.6
12105,Polk,FL,0.341,39.3
12107,Putnam,FL,0.365,36.9
12109,St Johns,FL,0.338,39.3
12111,St Lucie,FL,0.307,37.6
12113,Santa Rosa,FL,0.292,42.8
12115,Sarasota,FL,0.3,40.2
12117,Seminole,FL,0.321,41.3
12119,Sumter,FL,0.372,37.6
12121,Suwannee,FL,0.355,41.1
12123,Taylor,FL,0.354,39.8
12125,Union,FL,0.424,38.1
12127,Volusia,FL,0.297,39.6
12129,Wakulla,FL,0.274,39.5
12131,Walton,FL,0.32,39.5
12133,Washington,FL,0.335,40.7
13001,Appling,GA,0.369,39.1
13003,Atkinson,GA,0.245,37.6
13005,Bacon,GA,0.32,37.4
13007,Baker,GA,,
13009,Baldwin,GA,0.417,32.9
13011,Banks,GA,0.299,40.8
13013,Barrow,GA,0.314,37.6
13015,Bartow,GA,0.335,37.4
13017,Ben Hill,GA,0.418,36.6
13019,Berrien,GA,0.284,40.4
13021,Bibb,GA,0.399,34
13023,Bleckley,GA,0.503,35.8
13025,Brantley,GA,0.32,38.7
13027,Brooks,GA,0.436,35.8
13029,Bryan,GA,0.348,38.8
13031,Bulloch,GA,0.429,35.4
13033,Burke,GA,0.412,35.4
13035,Butts,GA,0.365,36
13037,Calhoun,GA,0.5,35.3
13039,Camden,FL,0.334,38.4
13043,Candler,GA,0.389,34.5
13045,Carroll,GA,0.36,38.8
13047,Catoosa,TN,0.33,40.8
13049,Charlton,FL,0.419,40
13051,Chatham,GA,0.346,35
13053,Chattahoochee,GA,,
13055,Chattooga,GA,0.344,38.8
13057,Cherokee,GA,0.284,42.1
13059,Clarke,GA,0.399,32.8
13061,Clay,GA,,
13063,Clayton,GA,0.277,35.8
13065,Clinch,GA,0.418,36.7
13067,Cobb,GA,0.343,39.8
13069,Coffee,GA,0.382,36.4
13071,Colquitt,GA,0.444,36
13073,Columbia,GA,0.347,39.6
13075,Cook,GA,0.447,36.3
13077,Coweta,GA,0.351,35.9
13079,Crawford,GA,,
13081,Crisp,GA,0.448,33.3
13083,Dade,TN,0.329,41.5
13085,Dawson,GA,0.306,38.2
13087,Decatur,GA,0.384,37.4
13089,De Kalb,GA,0.322,34.6
13091,Dodge,GA,0.423,39.8
13093,Dooly,GA,0.405,35.8
13095,Dougherty,GA,0.37,32.6
13097,Douglas,GA,0.298,39.5
13099,Early,GA,0.471,34.4
13101,Echols,GA,,
13103,Effingham,GA,0.352,41
13105,Elbert,GA,0.409,36.2
13107,Emanuel,GA,0.38,37.8
13109,Evans,GA,0.497,36.2
13111,Fannin,GA,0.267,39.9
13113,Fayette,GA,0.294,43.7
13115,Floyd,GA,0.376,36.1
13117,Forsyth,GA,0.167,46.9
13119,Franklin,GA,0.354,38.9
13121,Fulton,GA,0.402,33.1
13123,Gilmer,GA,0.284,41.4
13125,Glascock,GA,,
13127,Glynn,GA,0.329,35.5
13129,Gordon,GA,0.351,39.2
13131,Grady,GA,0.423,37
13133,Greene,GA,0.407,33.2
13135,Gwinnett,GA,0.29,41.3
13137,Habersham,GA,0.432,39.3
13139,Hall,GA,0.334,39.1
13141,Hancock,GA,0.308,33.3
13143,Haralson,GA,0.361,40.9
13145,Harris,GA,0.305,38.1
13147,Hart,GA,0.336,38.9
13149,Heard,GA,0.334,35.9
13151,Henry,GA,0.319,39.5
13153,Houston,GA,0.347,38.5
13155,Irwin,GA,0.426,37.2
13157,Jackson,GA,0.35,37.6
13159,Jasper,GA,0.451,34.4
13161,Jeff Davis,GA,0.447,36.9
13163,Jefferson,GA,0.546,35
13165,Jenkins,GA,0.332,35.2
13167,Johnson,GA,0.503,34.3
13169,Jones,GA,0.372,37.5
13171,Lamar,GA,0.323,37.9
13173,Lanier,GA,,
13175,Laurens,GA,0.423,35.4
13177,Lee,GA,0.302,40.6
13179,Liberty,GA,0.264,37.8
13181,Lincoln,GA,0.371,36.3
13183,Long,GA,,
13185,Lowndes,GA,0.405,36.3
13187,Lumpkin,GA,0.289,40.9
13189,McDuffie,GA,0.409,35.9
13191,McIntosh,GA,0.317,36.4
13193,Macon,GA,0.24,33.8
13195,Madison,GA,0.371,36.6
13197,Marion,GA,,
13199,Meriwether,GA,0.39,33.6
13201,Miller,GA,0.343,38.3
13205,Mitchell,GA,0.418,35.5
13207,Monroe,GA,0.375,35.2
13209,Montgomery,GA,0.376,38
13211,Morgan,GA,0.436,33.3
13213,Murray,GA,0.401,35.5
13215,Muscogee,GA,0.375,35.2
13217,Newton,GA,0.246,34.4
13219,Oconee,GA,0.327,40.5
13221,Oglethorpe,GA,0.405,35.9
13223,Paulding,GA,0.303,38.2
13225,Peach,GA,0.336,35.4
13227,Pickens,GA,0.318,39.3
13229,Pierce,GA,0.374,41.6
13231,Pike,GA,0.261,39.2
13233,Polk,GA,0.331,37.4
13235,Pulaski,GA,0.356,33.7
13237,Putnam,GA,0.336,34
13239,Quitman,GA,,
13241,Rabun,NC,0.306,38.5
13243,Randolph,GA,0.532,35.3
13245,Richmond,GA,0.353,35.8
13247,Rockdale,GA,0.217,39.8
13249,Schley,GA,,
13251,Screven,GA,0.423,36.1
13253,Seminole,GA,0.473,37.6
13255,Spalding,GA,0.42,34.9
13257,Stephens,GA,0.395,38.7
13259,Stewart,GA,,
13261,Sumter,GA,0.407,33.5
13263,Talbot,GA,0.524,33.5
13265,Taliaferro,GA,,
13267,Tattnall,GA,0.349,36.5
13269,Taylor,GA,0.399,35.9
13271,Telfair,GA,0.432,36.9
13273,Terrell,GA,0.529,34.8
13275,Thomas,GA,0.394,36.1
13277,Tift,GA,0.41,35.9
13279,Toombs,GA,0.435,37.8
13281,Towns,NC,,
13283,Treutlen,GA,0.417,39.2
13285,Troup,GA,0.401,35.3
13287,Turner,GA,0.483,34.6
13289,Twiggs,GA,0.253,33.7
13291,Union,NC,0.315,41.5
13293,Upson,GA,0.425,36.8
13295,Walker,TN,0.332,38.3
13297,Walton,GA,0.354,36.8
13299,Ware,GA,0.434,37.2
13301,Warren,GA,0.457,32.7
13303,Washington,GA,0.459,34.3
13305,Wayne,GA,0.403,37.6
13307,Webster,GA,,
13309,Wheeler,GA,,
13311,White,GA,0.227,45
13313,Whitfield,GA,0.353,38.3
13315,Wilcox,GA,0.446,40
13317,Wilkes,GA,0.432,35.9
13319,Wilkinson,GA,0.386,32.3
13321,Worth,GA,0.349,38.6
15001,Hawaii,HI,0.254,40.1
15003,Honolulu,HI,0.232,44.8
15005,Kalaupapa,HI,,
15007,Kauai,HI,0.259,43.6
15009,Maui,HI,0.233,42.2
16001,Ada,ID,0.257,42.6
16003,Adams,ID,,
16005,Bannock,ID,0.26,43.1
16007,Bear Lake,ID,0.129,53.8
16009,Benewah,WA,0.202,45.6
16011,Bingham,ID,0.25,46.3
16013,Blaine,ID,0.216,43.1
16015,Boise,ID,,
16017,Bonner,WA,0.202,45.7
16019,Bonneville,ID,0.246,45.5
16021,Boundary,ID,0.209,46.2
16023,Butte,ID,,
16025,Camas,ID,,
16027,Canyon,ID,0.275,41.6
16029,Caribou,ID,0.162,53.4
16031,Cassia,ID,0.27,48.2
16033,Clark,ID,,
16035,Clearwater,ID,0.276,46.7
16037,Custer,ID,,
16039,Elmore,ID,0.293,44.1
16041,Franklin,UT,0.104,54.8
16043,Fremont,ID,0.218,49.6
16045,Gem,ID,0.235,45.5
16047,Gooding,ID,0.228,46.3
16049,Idaho,ID,0.222,48.5
16051,Jefferson,ID,0.207,49.1
16053,Jerome,ID,0.276,45.2
16055,Kootenai,WA,0.226,44.8
16057,Latah,WA,0.237,46.3
16059,Lemhi,ID,0.195,46.2
16061,Lewis,ID,0.34,46.9
16063,Lincoln,ID,,
16065,Madison,ID,0.198,51.6
16067,Minidoka,ID,0.273,49.2
16069,Nez Perce,ID,0.273,43.6
16071,Oneida,UT,,
16073,Owyhee,ID,0.225,46
16075,Payette,OR,0.248,43.9
16077,Power,ID,0.227,46.9
16079,Shoshone,WA,0.353,43.4
16081,Teton,WY,0.176,50.1
16083,Twin Falls,ID,0.241,45.5
16085,Valley,ID,0.257,43.3
16087,Washington,OR,0.323,45.7
17001,Adams,IL,0.367,45.4
17003,Alexander,IL,0.519,35.7
17005,Bond,IL,0.378,43.3
17007,Boone,IL,0.274,42.9
17009,Brown,IL,,
17011,Bureau,IL,0.318,47.2
17013,Calhoun,IL,,
17015,Carroll,IL,0.331,46.8
17017,Cass,IL,0.417,44.4
17019,Champaign,IL,0.387,40.5
17021,Christian,IL,0.356,45.1
17023,Clark,IL,0.321,47.5
17025,Clay,IL,0.365,44.5
17027,Clinton,IL,0.316,52.3
17029,Coles,IL,0.365,40.9
17031,Cook,IL,0.398,38
17033,Crawford,IL,0.362,43.7
17035,Cumberland,IL,0.424,44
17037,De Kalb,IL,0.3,45.3
17039,Dewitt,IL,0.27,46.3
17041,Douglas,IL,0.276,48.8
17043,Du Page,IL,0.266,49
17045,Edgar,IL,0.39,45.7
17047,Edwards,IL,0.363,49
17049,Effingham,IL,0.309,50.3
17051,Fayette,IL,0.358,45.6
17053,Ford,IL,0.331,47.8
17055,Franklin,IL,0.358,45.3
17057,Fulton,IL,0.323,44.1
17059,Gallatin,IL,0.218,50.5
17061,Greene,IL,0.34,48.2
17063,Grundy,IL,0.312,46.8
17065,Hamilton,IL,0.388,49.4
17067,Hancock,IA,0.273,51.4
17069,Hardin,IL,,
17071,Henderson,IA,0.293,50.4
17073,Henry,IL,0.338,46.9
17075,Iroquois,IL,0.33,47.4
17077,Jackson,IL,0.355,40.5
17079,Jasper,IL,0.277,53
17081,Jefferson,IL,0.357,43
17083,Jersey,IL,0.292,46.4
17085,Jo Daviess,IA,0.245,50.3
17087,Johnson,IL,0.334,44.4
17089,Kane,IL,0.355,41.4
17091,Kankakee,IL,0.398,40.9
17093,Kendall,IL,0.226,49.2
17095,Knox,IL,0.378,41.7
17097,Lake,IL,0.344,42.7
17099,La Salle,IL,0.344,45.2
17101,Lawrence,IN,0.421,44.8
17103,Lee,IL,0.345,45.2
17105,Livingston,IL,0.351,46.9
17107,Logan,IL,0.328,45.1
17109,McDonough,IL,0.277,48.2
17111,McHenry,IL,0.271,46.7
17113,Mclean,IL,0.362,42.7
17115,Macon,IL,0.431,39.5
17117,Macoupin,IL,0.377,44.3
17119,Madison,IL,0.37,41.4
17121,Marion,IL,0.386,40.8
17123,Marshall,IL,0.323,47.4
17125,Mason,IL,0.388,43.1
17127,Massac,KY,0.354,41.4
17129,Menard,IL,0.257,46.8
17131,Mercer,IL,0.254,50.8
17133,Monroe,MO,0.265,51.1
17135,Montgomery,IL,0.414,44.2
17137,Morgan,IL,0.41,41.4
17139,Moultrie,IL,0.347,45.8
17141,Ogle,IL,0.28,45.8
17143,Peoria,IL,0.432,37.9
17145,Perry,IL,0.382,45.2
17147,Piatt,IL,0.337,46.6
17149,Pike,IL,0.372,47.4
17151,Pope,KY,,
17153,Pulaski,IL,0.34,38.6
17155,Putnam,IL,0.363,42.6
17157,Randolph,IL,0.37,47.7
17159,Richland,IL,0.346,46.2
17161,Rock Island,IL,0.381,42
17163,St Clair,MO,0.445,37.6
17165,Saline,IL,0.435,42.8
17167,Sangamon,IL,0.409,39.4
17169,Schuyler,IL,0.287,47.9
17171,Scott,IL,,
17173,Shelby,IL,0.423,45.9
17175,Stark,IL,0.279,50.1
17177,Stephenson,IL,0.352,42.5
17179,Tazewell,IL,0.345,43.9
17181,Union,IL,0.392,42.8
17183,Vermilion,IN,0.399,40.8
17185,Wabash,IN,0.356,44.8
17187,Warren,IL,0.368,45
17189,Washington,IL,0.316,50.6
17191,Wayne,IL,0.289,48.7
17193,White,IL,0.358,46.7
17195,Whiteside,IL,0.355,43.9
17197,Will,IL,0.353,42.4
17199,Williamson,IL,0.372,41.1
17201,Winnebago,IL,0.38,38
17203,Woodford,IL,0.342,48.3
18001,Adams,IN,0.383,45.3
18003,Allen,IN,0.404,38.6
18005,Bartholomew,IN,0.398,39
18007,Benton,IN,0.269,50
18009,Blackford,IN,0.363,39.7
18011,Boone,IN,0.351,42.6
18013,Brown,IN,0.174,44.1
18015,Carroll,IN,0.232,47.7
18017,Cass,IN,0.373,42.1
18019,Clark,KY,0.358,39.4
18021,Clay,IN,0.353,43.6
18023,Clinton,IN,0.351,41.8
18025,Crawford,KY,0.334,42.6
18027,Daviess,IN,0.354,46.2
18029,Dearborn,IN,0.336,42.5
18031,Decatur,IN,0.4,42.8
18033,De Kalb,IN,0.354,41.2
18035,Delaware,IN,0.409,36.7
18037,Dubois,IN,0.335,52.7
18039,Elkhart,IN,0.341,41
18041,Fayette,IN,0.401,35.2
18043,Floyd,KY,0.39,39.7
18045,Fountain,IN,0.365,44.6
18047,Franklin,IN,0.434,39.1
18049,Fulton,IN,0.413,42.7
18051,Gibson,IN,0.332,47.9
18053,Grant,IN,0.389,37.3
18055,Greene,IN,0.357,43.7
18057,Hamilton,IN,0.332,43.2
18059,Hancock,IN,0.342,42.5
18061,Harrison,KY,0.286,44.6
18063,Hendricks,IN,0.305,45.3
18065,Henry,IN,0.335,39.8
18067,Howard,IN,0.328,37.3
18069,Huntington,IN,0.374,41.6
18071,Jackson,IN,0.367,42.4
18073,Jasper,IN,0.251,48.7
18075,Jay,IN,0.314,43.9
18077,Jefferson,IN,0.387,41.3
18079,Jennings,IN,0.389,40.4
18081,Johnson,IN,0.357,41.6
18083,Knox,IN,0.377,45.2
18085,Kosciusko,IN,0.305,43.7
18087,Lagrange,IN,0.208,49
18089,Lake,IN,0.375,39.4
18091,La Porte,IN,0.349,39.8
18093,Lawrence,IN,0.379,39.7
18095,Madison,IN,0.381,37.2
18097,Marion,IN,0.396,35
18099,Marshall,IN,0.355,43.3
18101,Martin,IN,0.361,44.3
18103,Miami,IN,0.307,40.7
18105,Monroe,IN,0.362,38.3
18107,Montgomery,IN,0.324,43.8
18109,Morgan,IN,0.292,41.2
18111,Newton,IN,0.282,45.7
18113,Noble,IN,0.343,42.8
18115,Ohio,IN,,
18117,Orange,IN,0.406,41.4
18119,Owen,IN,0.31,39.1
18121,Parke,IN,0.333,44.1
18123,Perry,IN,0.425,45.6
18125,Pike,IN,0.349,48.7
18127,Porter,IN,0.287,44.8
18129,Posey,IN,0.402,44.6
18131,Pulaski,IN,0.328,45.4
18133,Putnam,IN,0.31,42.1
18135,Randolph,IN,0.374,42.5
18137,Ripley,IN,0.288,48.2
18139,Rush,IN,0.386,42.4
18141,St Joseph,IN,0.4,38.4
18143,Scott,IN,0.378,36.3
18145,Shelby,IN,0.324,41.7
18147,Spencer,IN,0.311,49.5
18149,Starke,IN,0.378,41.2
18151,Steuben,IN,0.349,41.5
18153,Sullivan,IN,0.401,44.5
18155,Switzerland,IN,0.267,42.5
18157,Tippecanoe,IN,0.338,42.4
18159,Tipton,IN,0.342,44.1
18161,Union,IN,0.264,44
18163,Vanderburgh,IN,0.435,39.2
18165,Vermillion,IN,0.34,42.7
18167,Vigo,IN,0.383,40.4
18169,Wabash,IN,0.371,41.2
18171,Warren,IN,,
18173,Warrick,IN,0.345,44.6
18175,Washington,KY,0.395,41.4
18177,Wayne,IN,0.379,37.4
18179,Wells,IN,0.324,45.6
18181,White,IN,0.268,45.7
18183,Whitley,IN,0.311,44.9
19001,Adair,IA,0.148,54.3
19003,Adams,IA,,
19005,Allamakee,IA,0.186,55.3
19007,Appanoose,IA,0.28,48.3
19009,Audubon,IA,0.355,55.6
19011,Benton,IA,0.271,50.4
19013,Black Hawk,IA,0.382,44.1
19015,Boone,IA,0.37,47
19017,Bremer,IA,0.246,55
19019,Buchanan,IA,0.324,52.8
19021,Buena Vista,IA,0.357,52.3
19023,Butler,IA,0.261,56
19025,Calhoun,IA,0.273,54.4
19027,Carroll,IA,0.209,59.8
19029,Cass,IA,0.262,52.4
19031,Cedar,IA,0.288,51.8
19033,Cerro Gordo,IA,0.295,48.7
19035,Cherokee,IA,0.333,55.1
19037,Chickasaw,IA,0.3,57
19039,Clarke,IA,0.326,49.2
19041,Clay,IA,0.367,49.7
19043,Clayton,IA,0.255,55.3
19045,Clinton,IA,0.325,46.9
19047,Crawford,IA,0.283,55
19049,Dallas,IA,0.296,48.5
19051,Davis,IA,0.229,51.1
19053,Decatur,IA,0.308,46.4
19055,Delaware,IA,0.246,56.3
19057,Des Moines,IA,0.387,41.6
19059,Dickinson,IA,0.231,51.3
19061,Dubuque,IA,0.276,52.7
19063,Emmet,MN,0.268,54
19065,Fayette,IA,0.287,53.9
19067,Floyd,IA,0.294,53.4
19069,Franklin,IA,0.325,49.3
19071,Fremont,IA,0.352,50.5
19073,Greene,IA,0.39,48.5
19075,Grundy,IA,0.315,54.8
19077,Guthrie,IA,0.354,51
19079,Hamilton,IA,0.293,49.4
19081,Hancock,IA,0.235,55.1
19083,Hardin,IA,0.308,53.3
19085,Harrison,NE,0.261,50.5
19087,Henry,IA,0.233,51.9
19089,Howard,IA,0.164,58.4
19091,Humboldt,IA,0.249,55.2
19093,Ida,IA,0.209,55.8
19095,Iowa,IA,0.206,54.7
19097,Jackson,IA,0.319,51.1
19099,Jasper,IA,0.232,48.9
19101,Jefferson,IA,0.158,49.3
19103,Johnson,IA,0.296,45.9
19105,Jones,IA,0.311,51.6
19107,Keokuk,IA,0.239,54.4
19109,Kossuth,IA,0.209,58.5
19111,Lee,IA,0.349,44.7
19113,Linn,IA,0.318,45.4
19115,Louisa,IA,0.311,48.3
19117,Lucas,IA,0.231,51.8
19119,Lyon,IA,0.189,60
19121,Madison,IA,0.285,48.9
19123,Mahaska,IA,0.248,50.3
19125,Marion,IA,0.3,50.5
19127,Marshall,IA,0.368,45.8
19129,Mills,NE,0.216,48.8
19131,Mitchell,IA,0.23,56.7
19133,Monona,IA,0.316,49.2
19135,Monroe,IA,0.174,51.9
19137,Montgomery,IA,0.336,48.9
19139,Muscatine,IA,0.299,45.7
19141,Obrien,IA,0.338,54.9
19143,Osceola,MN,0.24,56.4
19145,Page,IA,0.288,50.5
19147,Palo Alto,IA,0.306,54.8
19149,Plymouth,IA,0.226,57.3
19151,Pocahontas,IA,0.24,58.3
19153,Polk,IA,0.381,42.6
19155,Pottawattamie,NE,0.341,44
19157,Poweshiek,IA,0.316,50.8
19159,Ringgold,IA,,
19161,Sac,IA,0.261,57.2
19163,Scott,IL,0.367,42.6
19165,Shelby,IA,0.347,52.9
19167,Sioux,IA,0.213,59.4
19169,Story,IA,0.263,51.1
19171,Tama,IA,0.231,51.1
19173,Taylor,IA,0.336,51.9
19175,Union,IA,0.318,48.9
19177,Van Buren,IA,0.309,50.4
19179,Wapello,IA,0.35,44.1
19181,Warren,IA,0.282,50.1
19183,Washington,IA,0.355,47
19185,Wayne,IA,0.237,51.2
19187,Webster,IA,0.38,44.4
19189,Winnebago,IA,0.356,49.8
19191,Winneshiek,IA,0.185,58
19193,Woodbury,IA,0.36,44.5
19195,Worth,IA,0.483,47.4
19197,Wright,IA,0.315,49.8
20001,Allen,KS,0.301,44.7
20003,Anderson,KS,0.294,47.3
20005,Atchison,KS,0.341,46.1
20007,Barber,KS,0.226,56.9
20009,Barton,KS,0.274,50.9
20011,Bourbon,MO,0.33,44.9
20013,Brown,KS,0.36,50.7
20015,Butler,KS,0.275,45.2
20017,Chase,KS,,
20019,Chautauqua,KS,,
20021,Cherokee,MO,0.387,43.6
20023,Cheyenne,KS,,
20025,Clark,KS,,
20027,Clay,KS,0.308,50.3
20029,Cloud,KS,0.316,51.2
20031,Coffey,KS,0.323,47.9
20033,Comanche,KS,,
20035,Cowley,KS,0.33,44
20037,Crawford,MO,0.305,44.7
20039,Decatur,KS,,
20041,Dickinson,KS,0.331,46.1
20043,Doniphan,MO,0.351,49.6
20045,Douglas,KS,0.324,40.6
20047,Edwards,KS,,
20049,Elk,KS,,
20051,Ellis,KS,0.246,53.1
20053,Ellsworth,KS,0.186,54.8
20055,Finney,KS,0.334,45.3
20057,Ford,KS,0.336,45.3
20059,Franklin,KS,0.385,43
20061,Geary,KS,0.407,37.2
20063,Gove,KS,,
20065,Graham,KS,,
20067,Grant,KS,0.312,47.7
20069,Gray,KS,0.175,54.4
20071,Greeley,KS,,
20073,Greenwood,KS,0.247,48.8
20075,Hamilton,KS,,
20077,Harper,KS,0.323,50
20079,Harvey,KS,0.279,46.3
20081,Haskell,KS,,
20083,Hodgeman,KS,,
20085,Jackson,KS,0.367,48.6
20087,Jefferson,KS,0.214,49.6
20089,Jewell,KS,,
20091,Johnson,MO,0.278,46.5
20093,Kearny,KS,,
20095,Kingman,KS,0.198,52.3
20097,Kiowa,KS,,
20099,Labette,KS,0.34,44.8
20101,Lane,KS,,
20103,Leavenworth,KS,0.339,41.1
20105,Lincoln,KS,,
20107,Linn,MO,0.304,44.5
20109,Logan,KS,,
20111,Lyon,KS,0.342,45.5
20113,McPherson,KS,0.304,49.1
20115,Marion,KS,0.295,49.8
20117,Marshall,KS,0.184,58.6
20119,Meade,KS,,
20121,Miami,MO,0.271,47.9
20123,Mitchell,KS,0.206,56.9
20125,Montgomery,KS,0.376,42.8
20127,Morris,KS,0.283,46.7
20129,Morton,OK,,
20131,Nemaha,KS,0.161,63.8
20133,Neosho,KS,0.359,45.1
20135,Ness,KS,,
20137,Norton,KS,0.237,51.3
20139,Osage,KS,0.339,45.5
20141,Osborne,KS,,
20143,Ottawa,KS,0.319,49.4
20145,Pawnee,KS,0.335,47.8
20147,Phillips,KS,0.356,54.2
20149,Pottawatomie,KS,0.252,50.9
20151,Pratt,KS,0.289,49.4
20153,Rawlins,KS,,
20155,Reno,KS,0.325,44.5
20157,Republic,KS,0.354,49.6
20159,Rice,KS,0.304,45.6
20161,Riley,KS,0.343,43.8
20163,Rooks,KS,0.335,49.8
20165,Rush,KS,,
20167,Russell,KS,0.373,51.5
20169,Saline,KS,0.355,42.6
20171,Scott,KS,0.229,52.7
20173,Sedgwick,KS,0.347,40.1
20175,Seward,KS,0.303,45.9
20177,Shawnee,KS,0.372,40.3
20179,Sheridan,KS,,
20181,Sherman,KS,0.264,49.2
20183,Smith,KS,,
20185,Stafford,KS,,
20187,Stanton,KS,,
20189,Stevens,KS,0.279,52.4
20191,Sumner,KS,0.278,45.3
20193,Thomas,KS,0.135,56.8
20195,Trego,KS,,
20197,Wabaunsee,KS,0.409,48.2
20199,Wallace,KS,,
20201,Washington,KS,0.248,56
20203,Wichita,KS,,
20205,Wilson,KS,0.297,45.3
20207,Woodson,KS,,
20209,Wyandotte,MO,0.378,36
21001,Adair,KY,0.176,41.5
21003,Allen,KY,0.397,39.4
21005,Anderson,KY,0.283,41.5
21007,Ballard,KY,,
21009,Barren,KY,0.381,43.2
21011,Bath,KY,0.372,39
21013,Bell,TN,0.388,38.3
21015,Boone,OH,0.353,41.9
21017,Bourbon,KY,0.369,38.7
21019,Boyd,KY,0.322,39.2
21021,Boyle,KY,0.358,39.2
21023,Bracken,KY,0.385,38.3
21025,Breathitt,KY,0.26,36.5
21027,Breckinridge,KY,0.322,44.9
21029,Bullitt,KY,0.29,42.3
21031,Butler,KY,0.334,43.3
21033,Caldwell,KY,0.403,42.9
21035,Calloway,KY,0.29,41.9
21037,Campbell,OH,0.46,39.1
21039,Carlisle,KY,,
21041,Carroll,IN,0.481,39
21043,Carter,KY,0.369,41.4
21045,Casey,KY,0.302,40.1
21047,Christian,TN,0.39,37.9
21049,Clark,KY,0.396,35.5
21051,Clay,KY,0.358,37.1
21053,Clinton,KY,0.438,41
21055,Crittenden,KY,0.321,47.6
21057,Cumberland,KY,,
21059,Daviess,KY,0.376,42.4
21061,Edmonson,KY,0.393,42.4
21063,Elliott,KY,,
21065,Estill,KY,0.339,38.9
21067,Fayette,KY,0.398,35.6
21069,Fleming,KY,0.35,41.4
21071,Floyd,KY,0.304,42
21073,Franklin,KY,0.376,37.6
21075,Fulton,TN,0.452,34.5
21077,Gallatin,OH,,
21079,Garrard,KY,0.354,38.7
21081,Grant,OH,0.24,41.5
21083,Graves,TN,0.371,42.3
21085,Grayson,KY,0.339,43.3
21087,Green,KY,0.285,47.6
21089,Greenup,KY,0.346,40.8
21091,Hancock,KY,0.304,46
21093,Hardin,KY,0.324,41.4
21095,Harlan,KY,0.228,43
21097,Harrison,KY,0.358,39
21099,Hart,KY,0.388,39.6
21101,Henderson,KY,0.374,39.6
21103,Henry,KY,0.294,41.9
21105,Hickman,TN,,
21107,Hopkins,KY,0.337,43.8
21109,Jackson,KY,0.27,41
21111,Jefferson,KY,0.411,36
21113,Jessamine,KY,0.387,35.5
21115,Johnson,KY,0.283,44.3
21117,Kenton,OH,0.446,36.9
21119,Knott,KY,0.247,39.9
21121,Knox,KY,0.38,38.2
21123,Larue,KY,0.367,43.3
21125,Laurel,KY,0.351,40.1
21127,Lawrence,KY,0.362,41.8
21129,Lee,KY,,
21131,Leslie,KY,0.261,43.2
21133,Letcher,KY,0.338,44.8
21135,Lewis,KY,0.387,41
21137,Lincoln,KY,0.3,39.9
21139,Livingston,KY,0.251,41.5
21141,Logan,KY,0.33,43
21143,Lyon,KY,,
21145,McCracken,KY,0.425,38.4
21147,McCreary,KY,0.31,38.5
21149,Mclean,KY,0.345,45.7
21151,Madison,KY,0.374,38.1
21153,Magoffin,KY,0.37,40.8
21155,Marion,KY,0.337,45.9
21157,Marshall,KY,0.31,46
21159,Martin,KY,0.298,44.6
21161,Mason,KY,0.337,38.8
21163,Meade,KY,0.375,42.7
21165,Menifee,KY,,
21167,Mercer,KY,0.401,40.3
21169,Metcalfe,KY,0.333,41.5
21171,Monroe,KY,0.302,44.3
21173,Montgomery,KY,0.396,37.4
21175,Morgan,KY,0.343,41.1
21177,Muhlenberg,KY,0.365,44
21179,Nelson,KY,0.388,43
21181,Nicholas,KY,0.406,39
21183,Ohio,KY,0.325,43.8
21185,Oldham,KY,0.301,44.1
21187,Owen,KY,0.341,41.2
21189,Owsley,KY,,
21191,Pendleton,OH,0.442,39.6
21193,Perry,KY,0.284,41.4
21195,Pike,KY,0.289,43.3
21197,Powell,KY,0.458,39.6
21199,Pulaski,KY,0.417,38.7
21201,Robertson,KY,,
21203,Rockcastle,KY,0.312,38.4
21205,Rowan,KY,0.323,40
21207,Russell,KY,0.322,40.7
21209,Scott,KY,0.351,37.9
21211,Shelby,KY,0.301,40.2
21213,Simpson,KY,0.309,40.8
21215,Spencer,KY,0.287,42.8
21217,Taylor,KY,0.412,41.6
21219,Todd,TN,0.224,42.2
21221,Trigg,TN,0.449,38.8
21223,Trimble,IN,0.366,42.6
21225,Union,KY,0.297,46
21227,Warren,KY,0.366,39.3
21229,Washington,KY,0.355,44.4
21231,Wayne,KY,0.442,38.9
21233,Webster,KY,0.424,45.4
21235,Whitley,KY,0.336,39.8
21237,Wolfe,KY,0.261,39.1
21239,Woodford,KY,0.365,38
22001,Acadia,LA,0.432,43.9
22003,Allen,LA,0.373,44.6
22005,Ascension,LA,0.406,42.1
22007,Assumption,LA,0.472,42.8
22009,Avoyelles,LA,0.451,42
22011,Beauregard,LA,0.288,44.9
22013,Bienville,LA,0.48,38.5
22015,Bossier,LA,0.394,40.4
22017,Caddo,LA,0.443,36.3
22019,Calcasieu,LA,0.361,41.3
22021,Caldwell,LA,0.369,42.1
22023,Cameron,LA,0.373,46.2
22025,Catahoula,LA,0.543,46.9
22027,Claiborne,LA,0.524,40.2
22029,Concordia,MS,0.462,39.8
22031,De Soto,LA,0.407,39.6
22033,East Baton Rouge,LA,0.406,38.1
22035,East Carroll,LA,0.518,35.4
22037,East Feliciana,LA,0.447,38.1
22039,Evangeline,LA,0.39,45.5
22041,Franklin,LA,0.486,41.9
22043,Grant,LA,0.457,42.4
22045,Iberia,LA,0.391,41.4
22047,Iberville,LA,0.478,38.7
22049,Jackson,LA,0.396,41.8
22051,Jefferson,LA,0.377,40.2
22053,Jefferson Davis,LA,0.337,44.1
22055,Lafayette,LA,0.375,42.1
22057,Lafourche,LA,0.431,44.5
22059,La Salle,LA,0.348,50.9
22061,Lincoln,LA,0.457,39.2
22063,Livingston,LA,0.348,42.8
22065,Madison,MS,0.424,34.8
22067,Morehouse,LA,0.385,36
22069,Natchitoches,LA,0.413,40
22071,Orleans,LA,0.384,34.8
22073,Ouachita,LA,0.416,36.7
22075,Plaquemines,LA,0.313,43.7
22077,Pointe Coupee,LA,0.446,40.6
22079,Rapides,LA,0.391,39.1
22081,Red River,LA,0.527,40.9
22083,Richland,LA,0.502,39.1
22085,Sabine,LA,0.413,46.6
22087,St Bernard,LA,0.364,42.8
22089,St Charles,LA,0.373,41.3
22091,St Helena,LA,0.408,37.7
22093,St James,LA,0.532,39.9
22095,St John The Baptist,LA,0.467,38.4
22097,St Landry,LA,0.402,43.3
22099,St Martin,LA,0.405,41.6
22101,St Mary,LA,0.386,41.5
22103,St Tammany,LA,0.325,41.2
22105,Tangipahoa,LA,0.406,39.2
22107,Tensas,MS,0.508,40.2
22109,Terrebonne,LA,0.366,45.3
22111,Union,LA,0.409,41.5
22113,Vermilion,LA,0.334,48
22115,Vernon,LA,0.269,43
22117,Washington,LA,0.385,37.7
22119,Webster,LA,0.461,40.3
22121,West Baton Rouge,LA,0.426,38.9
22123,West Carroll,LA,0.451,44.2
22125,West Feliciana,LA,0.343,41.8
22127,Winn,LA,0.408,41.5
23001,Androscoggin,ME,0.309,42.9
23003,Aroostook,ME,0.348,43.6
23005,Cumberland,ME,0.285,42.9
23007,Franklin,ME,0.264,46.1
23009,Hancock,ME,0.238,42.2
23011,Kennebec,ME,0.3,42.9
23013,Knox,ME,0.342,40.8
23015,Lincoln,ME,0.338,42.1
23017,Oxford,ME,0.332,42.1
23019,Penobscot,ME,0.318,42.3
23021,Piscataquis,ME,0.24,43.9
23023,Sagadahoc,ME,0.242,41.5
23025,Somerset,ME,0.306,42.2
23027,Waldo,ME,0.311,39.4
23029,Washington,ME,0.31,38.9
23031,York,NH,0.258,44.7
24001,Allegany,MD,0.368,43.2
24003,Anne Arundel,MD,0.382,40.8
24005,Baltimore,MD,0.352,42.2
24009,Calvert,DC,0.329,43.5
24011,Caroline,MD,0.386,39.4
24013,Carroll,MD,0.311,47.5
24015,Cecil,DE,0.348,41.2
24017,Charles,DC,0.359,42.9
24019,Dorchester,MD,0.446,37.3
24021,Frederick,DC,0.33,45.6
24023,Garrett,MD,0.26,45.7
24025,Harford,MD,0.348,43.5
24027,Howard,MD,0.302,46.9
24029,Kent,MD,0.415,40
24031,Montgomery,DC,0.271,47.7
24033,Prince Georges,DC,0.285,40.2
24035,Queen Annes,MD,0.338,44.3
24037,St Marys,DC,0.383,44.3
24039,Somerset,DE,0.315,38.4
24041,Talbot,MD,0.393,39.8
24043,Washington,PA,0.376,43.1
24045,Wicomico,DE,0.384,38.6
24047,Worcester,DE,0.447,39.2
24510,Baltimore City,MD,0.38,33.8
25001,Barnstable,MA,0.274,45
25003,Berkshire,MA,0.309,42.5
25005,Bristol,RI,0.324,44.5
25007,Dukes,MA,0.203,43.4
25009,Essex,MA,0.329,44
25011,Franklin,MA,0.281,43.8
25013,Hampden,MA,0.395,40.4
25015,Hampshire,MA,0.284,45.4
25017,Middlesex,MA,0.283,47.5
25019,Nantucket,MA,,
25021,Norfolk,MA,0.256,49.7
25023,Plymouth,MA,0.331,44.6
25025,Suffolk,MA,0.309,39.8
25027,Worcester,MA,0.335,43.9
26001,Alcona,MI,0.358,42.8
26003,Alger,MI,0.24,45.7
26005,Allegan,MI,0.304,43
26007,Alpena,MI,0.374,40
26009,Antrim,MI,0.341,40.5
26011,Arenac,MI,0.282,43.4
26013,Baraga,MI,0.205,43.4
26015,Barry,MI,0.331,42.1
26017,Bay,MI,0.358,41.2
26019,Benzie,MI,0.315,41.4
26021,Berrien,IN,0.406,38.5
26023,Branch,IN,0.33,41.9
26025,Calhoun,MI,0.393,36.9
26027,Cass,IN,0.365,40.6
26029,Charlevoix,MI,0.328,41.6
26031,Cheboygan,MI,0.318,41.1
26033,Chippewa,MI,0.306,41.3
26035,Clare,MI,0.369,41.6
26037,Clinton,MI,0.289,45.7
26039,Crawford,MI,0.185,39.6
26041,Delta,MI,0.286,45.2
26043,Dickinson,MI,0.347,44.4
26045,Eaton,MI,0.309,42
26047,Emmet,MI,0.236,43.4
26049,Genesee,MI,0.345,35.4
26051,Gladwin,MI,0.341,42.5
26053,Gogebic,MI,0.266,47.6
26055,Grand Traverse,MI,0.289,42.4
26057,Gratiot,MI,0.362,42.4
26059,Hillsdale,MI,0.336,41.2
26061,Houghton,MI,0.31,47.2
26063,Huron,MI,0.226,51.8
26065,Ingham,MI,0.367,37.5
26067,Ionia,MI,0.371,41.5
26069,Iosco,MI,0.33,41
26071,Iron,MI,0.379,45.4
26073,Isabella,MI,0.362,41.6
26075,Jackson,MI,0.353,39
26077,Kalamazoo,MI,0.4,37.5
26079,Kalkaska,MI,0.32,39.1
26081,Kent,MI,0.401,38.6
26083,Keweenaw,MI,,
26085,Lake,MI,0.414,38.4
26087,Lapeer,MI,0.244,43.6
26089,Leelanau,MI,0.292,43.2
26091,Lenawee,MI,0.295,41.5
26093,Livingston,MI,0.29,42.4
26095,Luce,MI,,
26097,Mackinac,MI,0.259,44
26099,Macomb,MI,0.304,42.9
26101,Manistee,MI,0.312,43.4
26103,Marquette,MI,0.296,45.4
26105,Mason,MI,0.394,41.4
26107,Mecosta,MI,0.38,39.2
26109,Menominee,MI,0.293,48.4
26111,Midland,MI,0.374,41.3
26113,Missaukee,MI,0.346,44.2
26115,Monroe,OH,0.298,42.7
26117,Montcalm,MI,0.323,41.4
26119,Montmorency,MI,0.204,46.5
26121,Muskegon,MI,0.393,36.9
26123,Newaygo,MI,0.346,41.2
26125,Oakland,MI,0.321,40.9
26127,Oceana,MI,0.329,43.4
26129,Ogemaw,MI,0.344,41.5
26131,Ontonagon,MI,0.324,44.9
26133,Osceola,MI,0.275,43
26135,Oscoda,MI,0.28,41.9
26137,Otsego,MI,0.274,44.9
26139,Ottawa,MI,0.313,45.3
26141,Presque Isle,MI,0.311,46.7
26143,Roscommon,MI,0.336,39.6
26145,Saginaw,MI,0.372,37.5
26147,St Clair,MI,0.335,40
26149,St Joseph,IN,0.328,40.6
26151,Sanilac,MI,0.288,46
26153,Schoolcraft,MI,0.323,43.5
26155,Shiawassee,MI,0.285,41.7
26157,Tuscola,MI,0.294,43.2
26159,Van Buren,MI,0.348,38.9
26161,Washtenaw,MI,0.332,38.9
26163,Wayne,MI,0.361,34.6
26165,Wexford,MI,0.314,42.2
27001,Aitkin,MN,0.369,48.1
27003,Anoka,MN,0.289,46.1
27005,Becker,MN,0.322,49.2
27007,Beltrami,MN,0.4,40.3
27009,Benton,MN,0.229,54.7
27011,Big Stone,MN,0.17,58.9
27013,Blue Earth,MN,0.243,49.4
27015,Brown,MN,0.172,56.8
27017,Carlton,MN,0.305,45.4
27019,Carver,MN,0.208,52.5
27021,Cass,MN,0.411,39.4
27023,Chippewa,MN,0.267,52.5
27025,Chisago,MN,0.237,48.4
27027,Clay,ND,0.331,48.1
27029,Clearwater,MN,0.36,47.4
27031,Cook,MN,,
27033,Cottonwood,MN,0.256,54.5
27035,Crow Wing,MN,0.295,46
27037,Dakota,MN,0.308,46.9
27039,Dodge,MN,0.292,48.9
27041,Douglas,MN,0.269,52.9
27043,Faribault,MN,0.305,50.4
27045,Fillmore,MN,0.227,55
27047,Freeborn,MN,0.294,49.2
27049,Goodhue,MN,0.246,51.6
27051,Grant,MN,0.249,56.9
27053,Hennepin,MN,0.377,41.2
27055,Houston,WI,0.168,53.9
27057,Hubbard,MN,0.328,46
27059,Isanti,MN,0.255,49.5
27061,Itasca,MN,0.266,48.7
27063,Jackson,MN,0.303,54.8
27065,Kanabec,MN,0.304,48.3
27067,Kandiyohi,MN,0.301,49.4
27069,Kittson,ND,0.219,56.6
27071,Koochiching,MN,0.254,49
27073,Lac Qui Parle,MN,0.228,56.4
27075,Lake,MN,0.273,46.8
27077,Lake of The Woods,MN,,
27079,Le Sueur,MN,0.241,53.5
27081,Lincoln,MN,0.325,58.4
27083,Lyon,MN,0.263,53.9
27085,McLeod,MN,0.254,51.4
27087,Mahnomen,MN,0.396,44
27089,Marshall,MN,0.302,53.9
27091,Martin,MN,0.295,52.5
27093,Meeker,MN,0.268,52.1
27095,Mille Lacs,MN,0.367,46.7
27097,Morrison,MN,0.299,50.1
27099,Mower,MN,0.304,49.1
27101,Murray,MN,0.261,54.6
27103,Nicollet,MN,0.276,49.9
27105,Nobles,MN,0.29,53.1
27107,Norman,ND,0.361,51.3
27109,Olmsted,MN,0.294,47
27111,Otter Tail,MN,0.31,50.5
27113,Pennington,MN,0.244,52.2
27115,Pine,MN,0.326,46.5
27117,Pipestone,MN,0.201,57.4
27119,Polk,ND,0.292,51.5
27121,Pope,MN,0.214,56.2
27123,Ramsey,MN,0.364,41.9
27125,Red Lake,MN,0.144,61.3
27127,Redwood,MN,0.235,56.6
27129,Renville,MN,0.308,55.7
27131,Rice,MN,0.279,47.4
27133,Rock,MN,0.322,52.8
27135,Roseau,MN,0.182,54
27137,St Louis,MN,0.331,45.3
27139,Scott,MN,0.248,49.8
27141,Sherburne,MN,0.27,48
27143,Sibley,MN,0.203,55.5
27145,Stearns,MN,0.246,52.3
27147,Steele,MN,0.326,48.2
27149,Stevens,MN,0.23,58.6
27151,Swift,MN,0.273,54.1
27153,Todd,MN,0.243,52.9
27155,Traverse,MN,,
27157,Wabasha,MN,0.255,53.2
27159,Wadena,MN,0.206,53.7
27161,Waseca,MN,0.27,50.9
27163,Washington,MN,0.285,48.1
27165,Watonwan,MN,0.315,49.7
27167,Wilkin,ND,0.332,53
27169,Winona,WI,0.238,50.9
27171,Wright,MN,0.302,47.8
27173,Yellow Medicine,MN,0.336,53.7
28001,Adams,MS,0.42,37.4
28003,Alcorn,MS,0.356,37
28005,Amite,MS,0.43,41.5
28007,Attala,MS,0.446,40.2
28009,Benton,MS,,
28011,Bolivar,MS,0.495,34.2
28013,Calhoun,MS,0.479,39.3
28015,Carroll,MS,0.487,39.8
28017,Chickasaw,MS,0.419,36.5
28019,Choctaw,MS,0.455,42.9
28021,Claiborne,MS,0.361,33.4
28023,Clarke,MS,0.44,40.4
28025,Clay,MS,0.42,34.5
28027,Coahoma,MS,0.514,33
28029,Copiah,MS,0.474,36.3
28031,Covington,MS,0.441,39.4
28033,De Soto,TN,0.339,39.8
28035,Forrest,MS,0.395,37.8
28037,Franklin,MS,0.474,41.1
28039,George,MS,0.295,46.1
28041,Greene,MS,0.475,42.2
28043,Grenada,MS,0.398,34.7
28045,Hancock,MS,0.325,40.1
28047,Harrison,MS,0.347,38.1
28049,Hinds,MS,0.416,34.3
28051,Holmes,MS,0.485,35.6
28053,Humphreys,MS,0.503,32.3
28055,Issaquena,MS,,
28057,Itawamba,MS,0.441,39.7
28059,Jackson,MS,0.34,38.5
28061,Jasper,MS,0.438,39.1
28063,Jefferson,MS,0.301,34.2
28065,Jefferson Davis,MS,0.474,37.9
28067,Jones,MS,0.425,39.8
28069,Kemper,MS,0.447,36.4
28071,Lafayette,MS,0.426,37.5
28073,Lamar,MS,0.312,43.2
28075,Lauderdale,MS,0.454,36.2
28077,Lawrence,MS,0.429,41.4
28079,Leake,MS,0.47,40.8
28081,Lee,MS,0.429,36
28083,Leflore,MS,0.488,33.7
28085,Lincoln,MS,0.423,39.9
28087,Lowndes,MS,0.437,35.3
28089,Madison,MS,0.432,36.1
28091,Marion,MS,0.462,41.8
28093,Marshall,TN,0.399,34.6
28095,Monroe,MS,0.405,38.5
28097,Montgomery,MS,0.462,39.7
28099,Neshoba,MS,0.424,37.1
28101,Newton,MS,0.481,38.9
28103,Noxubee,MS,0.546,36.7
28105,Oktibbeha,MS,0.441,35.9
28107,Panola,MS,0.451,33.6
28109,Pearl River,MS,0.365,40.3
28111,Perry,MS,0.394,43.6
28113,Pike,MS,0.415,38
28115,Pontotoc,MS,0.37,40.8
28117,Prentiss,MS,0.44,37.9
28119,Quitman,MS,0.486,32.7
28121,Rankin,MS,0.349,41.1
28123,Scott,MS,0.506,36.6
28125,Sharkey,MS,0.521,35.8
28127,Simpson,MS,0.45,40
28129,Smith,MS,0.433,39.8
28131,Stone,MS,0.386,42.2
28133,Sunflower,MS,0.46,33.4
28135,Tallahatchie,MS,0.441,34
28137,Tate,TN,0.429,36.1
28139,Tippah,MS,0.388,40
28141,Tishomingo,MS,0.383,43.1
28143,Tunica,TN,0.466,31.8
28145,Union,MS,0.446,40.2
28147,Walthall,MS,0.519,39.1
28149,Warren,MS,0.422,36.1
28151,Washington,MS,0.457,33.2
28153,Wayne,MS,0.474,42.3
28155,Webster,MS,0.534,40
28157,Wilkinson,MS,0.365,39.2
28159,Winston,MS,0.48,36.2
28161,Yalobusha,MS,0.488,36.4
28163,Yazoo,MS,0.495,36.1
29001,Adair,MO,0.28,45.8
29003,Andrew,MO,0.308,46.2
29005,Atchison,MO,0.4,49.9
29007,Audrain,MO,0.325,43.9
29009,Barry,MO,0.339,43.3
29011,Barton,MO,0.346,44.9
29013,Bates,MO,0.326,45.6
29015,Benton,MO,0.305,44.5
29017,Bollinger,MO,0.412,43.2
29019,Boone,MO,0.358,39.9
29021,Buchanan,MO,0.379,39.7
29023,Butler,MO,0.368,39.6
29025,Caldwell,MO,0.361,47
29027,Callaway,MO,0.337,41.5
29029,Camden,MO,0.315,41.8
29031,Cape Girardeau,MO,0.377,41.4
29033,Carroll,MO,0.404,46.2
29035,Carter,MO,0.34,46
29037,Cass,MO,0.273,44.9
29039,Cedar,MO,0.384,42.3
29041,Chariton,MO,0.419,48.9
29043,Christian,MO,0.261,44.2
29045,Clark,IA,0.31,48
29047,Clay,MO,0.293,43.6
29049,Clinton,MO,0.298,45.2
29051,Cole,MO,0.326,43.9
29053,Cooper,MO,0.307,44.1
29055,Crawford,MO,0.304,42
29057,Dade,MO,0.338,47.1
29059,Dallas,MO,0.231,42.6
29061,Daviess,MO,0.301,46.5
29063,Dekalb,MO,0.318,48
29065,Dent,MO,0.285,48.3
29067,Douglas,MO,0.232,42.7
29069,Dunklin,AR,0.437,40
29071,Franklin,MO,0.334,44.2
29073,Gasconade,MO,0.383,44.1
29075,Gentry,MO,0.39,49.7
29077,Greene,MO,0.325,41.1
29079,Grundy,MO,0.395,43.2
29081,Harrison,MO,0.243,47.1
29083,Henry,MO,0.384,42
29085,Hickory,MO,,
29087,Holt,MO,0.26,49.1
29089,Howard,MO,0.363,45.7
29091,Howell,MO,0.315,43.4
29093,Iron,MO,0.442,41.6
29095,Jackson,MO,0.383,37.3
29097,Jasper,MO,0.35,42.2
29099,Jefferson,MO,0.298,42.8
29101,Johnson,MO,0.313,42.5
29103,Knox,MO,,
29105,Laclede,MO,0.326,41.9
29107,Lafayette,MO,0.356,44.2
29109,Lawrence,MO,0.329,43.7
29111,Lewis,IL,0.224,48.2
29113,Lincoln,MO,0.356,43.6
29115,Linn,MO,0.336,48.4
29117,Livingston,MO,0.404,46.6
29119,Mcdonald,AR,0.279,41.7
29121,Macon,MO,0.361,46.3
29123,Madison,MO,0.32,43.1
29125,Maries,MO,0.298,44.1
29127,Marion,IL,0.353,44.5
29129,Mercer,MO,,
29131,Miller,MO,0.421,42.9
29133,Mississippi,MO,0.397,38
29135,Moniteau,MO,0.399,46.3
29137,Monroe,MO,0.241,47.5
29139,Montgomery,MO,0.31,46.4
29141,Morgan,MO,0.332,42.4
29143,New Madrid,MO,0.453,38.7
29145,Newton,MO,0.259,44
29147,Nodaway,MO,0.316,51.5
29149,Oregon,MO,0.223,46.8
29151,Osage,MO,0.233,54.2
29153,Ozark,AR,0.277,43.6
29155,Pemiscot,AR,0.475,37.5
29157,Perry,MO,0.352,46.5
29159,Pettis,MO,0.319,43.2
29161,Phelps,MO,0.352,41.4
29163,Pike,IL,0.436,43.8
29165,Platte,MO,0.326,43.8
29167,Polk,MO,0.343,43.4
29169,Pulaski,MO,0.3,41.1
29171,Putnam,MO,,
29173,Ralls,IL,0.199,48.1
29175,Randolph,MO,0.392,40
29177,Ray,MO,0.21,47
29179,Reynolds,MO,0.357,47.5
29181,Ripley,MO,0.391,39.7
29183,St Charles,MO,0.321,44.3
29185,St Clair,MO,0.354,44.3
29186,Ste Genevieve,MO,0.411,45.2
29187,St Francois,MO,0.342,40.5
29189,St Louis,MO,0.394,39.1
29195,Saline,MO,0.406,43.1
29197,Schuyler,MO,,
29199,Scotland,MO,,
29201,Scott,MO,0.419,41.8
29203,Shannon,MO,0.24,42.7
29205,Shelby,MO,0.101,54.8
29207,Stoddard,MO,0.337,44.4
29209,Stone,MO,0.244,43.3
29211,Sullivan,MO,0.341,46.5
29213,Taney,MO,0.31,40.2
29215,Texas,MO,0.342,43.7
29217,Vernon,MO,0.353,43.6
29219,Warren,MO,0.372,41.8
29221,Washington,MO,0.321,41
29223,Wayne,MO,0.364,43.6
29225,Webster,MO,0.34,41.2
29227,Worth,MO,,
29229,Wright,MO,0.365,43
29510,St Louis City,MO,0.427,32.2
30001,Beaverhead,MT,0.121,51.2
30003,Big Horn,WY,0.407,33.9
30005,Blaine,MT,0.4,39.9
30007,Broadwater,MT,,
30009,Carbon,MT,0.103,49.9
30011,Carter,SD,,
30013,Cascade,MT,0.271,45.8
30015,Chouteau,MT,0.237,51.8
30017,Custer,MT,0.235,50.8
30019,Daniels,MT,,
30021,Dawson,MT,0.241,56.1
30023,Deer Lodge,MT,0.359,45.2
30025,Fallon,MT,,
30027,Fergus,MT,0.248,50.3
30029,Flathead,MT,0.223,45.1
30031,Gallatin,MT,0.19,47
30033,Garfield,MT,,
30035,Glacier,MT,0.405,34.4
30037,Golden Valley,MT,,
30039,Granite,MT,,
30041,Hill,MT,0.399,42.9
30043,Jefferson,MT,0.193,49.1
30045,Judith Basin,MT,,
30047,Lake,MT,0.296,41.8
30049,Lewis and Clark,MT,0.284,44.7
30051,Liberty,MT,,
30053,Lincoln,MT,0.187,47.7
30055,McCone,MT,,
30057,Madison,MT,,
30059,Meagher,MT,,
30061,Mineral,MT,,
30063,Missoula,MT,0.248,44
30065,Musselshell,MT,,
30067,Park,MT,0.274,45.2
30069,Petroleum,MT,,
30071,Phillips,MT,0.237,51.6
30073,Pondera,MT,0.344,50.4
30075,Powder River,MT,,
30077,Powell,MT,0.229,45.8
30079,Prairie,MT,,
30081,Ravalli,MT,0.166,47.7
30083,Richland,ND,0.202,58.9
30085,Roosevelt,MT,0.306,42.4
30087,Rosebud,MT,0.386,40.5
30089,Sanders,MT,0.262,48.3
30091,Sheridan,MT,,
30093,Silver Bow,MT,0.296,47.5
30095,Stillwater,MT,0.267,52.6
30097,Sweet Grass,MT,,
30099,Teton,MT,0.191,52.5
30101,Toole,MT,,
30103,Treasure,MT,,
30105,Valley,MT,0.306,50.7
30107,Wheatland,MT,,
30109,Wibaux,MT,,
30111,Yellowstone,MT,0.267,46.9
31001,Adams,NE,0.283,49.7
31003,Antelope,NE,0.358,53.4
31005,Arthur,NE,,
31007,Banner,NE,,
31009,Blaine,NE,,
31011,Boone,NE,0.189,61.3
31013,Box Butte,NE,0.253,51.6
31015,Boyd,NE,,
31017,Brown,NE,,
31019,Buffalo,NE,0.257,51
31021,Burt,NE,0.291,50.8
31023,Butler,NE,0.25,55.1
31025,Cass,NE,0.226,49.5
31027,Cedar,SD,0.155,63.2
31029,Chase,NE,,
31031,Cherry,NE,0.208,50.4
31033,Cheyenne,WY,0.26,50.8
31035,Clay,NE,0.231,55.9
31037,Colfax,NE,0.247,55.4
31039,Cuming,NE,0.294,56.9
31041,Custer,NE,0.278,54.6
31043,Dakota,IA,0.247,49.2
31045,Dawes,NE,0.243,53.8
31047,Dawson,NE,0.309,49.3
31049,Deuel,NE,,
31051,Dixon,IA,0.273,52.9
31053,Dodge,NE,0.289,51
31055,Douglas,NE,0.405,40
31057,Dundy,KS,,
31059,Fillmore,NE,0.294,56.8
31061,Franklin,NE,,
31063,Frontier,NE,,
31065,Furnas,NE,0.288,55.3
31067,Gage,NE,0.379,49
31069,Garden,NE,,
31071,Garfield,NE,,
31073,Gosper,NE,,
31075,Grant,NE,,
31077,Greeley,NE,,
31079,Hall,NE,0.295,48.5
31081,Hamilton,NE,0.304,52.6
31083,Harlan,NE,,
31085,Hayes,NE,,
31087,Hitchcock,NE,,
31089,Holt,NE,0.163,57.7
31091,Hooker,NE,,
31093,Howard,NE,0.264,55.7
31095,Jefferson,NE,0.278,55
31097,Johnson,NE,,
31099,Kearney,NE,0.205,52.2
31101,Keith,NE,0.29,51.9
31103,Keya Paha,NE,,
31105,Kimball,WY,,
31107,Knox,SD,0.192,58.9
31109,Lancaster,NE,0.359,42.4
31111,Lincoln,NE,0.291,47.5
31113,Logan,NE,,
31115,Loup,NE,,
31117,McPherson,NE,,
31119,Madison,NE,0.257,50.8
31121,Merrick,NE,0.344,51.4
31123,Morrill,NE,0.16,56.1
31125,Nance,NE,,
31127,Nemaha,NE,0.249,55.7
31129,Nuckolls,NE,,
31131,Otoe,NE,0.314,49.9
31133,Pawnee,NE,,
31135,Perkins,NE,,
31137,Phelps,NE,0.287,50.8
31139,Pierce,NE,0.225,57.2
31141,Platte,NE,0.23,54.3
31143,Polk,NE,,
31145,Red Willow,NE,0.217,51.7
31147,Richardson,NE,0.24,51.7
31149,Rock,NE,,
31151,Saline,NE,0.235,55
31153,Sarpy,NE,0.301,45.2
31155,Saunders,NE,0.27,51.3
31157,Scotts Bluff,NE,0.322,47
31159,Seward,NE,0.323,52.9
31161,Sheridan,SD,0.286,52.6
31163,Sherman,NE,,
31165,Sioux,NE,,
31167,Stanton,NE,,
31169,Thayer,NE,0.203,59.4
31171,Thomas,NE,,
31173,Thurston,NE,0.517,35.6
31175,Valley,NE,,
31177,Washington,NE,0.234,53.3
31179,Wayne,IA,0.091,59.6
31181,Webster,NE,,
31183,Wheeler,NE,,
31185,York,NE,0.278,53.7
32001,Churchill,NV,0.251,43.9
32003,Clark,NV,0.257,39.9
32005,Douglas,CA,0.277,43
32007,Elko,NV,0.271,46.3
32009,Esmeralda,NV,,
32011,Eureka,NV,,
32013,Humboldt,NV,0.306,46.4
32015,Lander,NV,0.231,48.2
32017,Lincoln,NV,,
32019,Lyon,NV,0.273,41.1
32021,Mineral,NV,,
32023,Nye,NV,0.271,41.6
32027,Pershing,NV,,
32029,Storey,NV,,
32031,Washoe,NV,0.281,41.1
32033,White Pine,NV,0.23,48.1
32510,Carson City,NV,0.272,41.9
33001,Belknap,NH,0.257,44.7
33003,Carroll,NH,0.215,44.7
33005,Cheshire,NH,0.303,42.2
33007,Coos,VT,0.3,45.7
33009,Grafton,VT,0.265,43.7
33011,Hillsborough,NH,0.318,44.2
33013,Merrimack,NH,0.319,43.2
33015,Rockingham,NH,0.279,45
33017,Strafford,NH,0.306,43.1
33019,Sullivan,VT,0.315,41.8
34001,Atlantic,PA,0.407,38.9
34003,Bergen,NJ,0.236,52.4
34005,Burlington,PA,0.325,44
34007,Camden,PA,0.405,39.9
34009,Cape May,PA,0.347,42.7
34011,Cumberland,PA,0.4,39.1
34013,Essex,NJ,0.394,38.7
34015,Gloucester,PA,0.336,43.7
34017,Hudson,NJ,0.309,44.1
34019,Hunterdon,NJ,0.239,51.2
34021,Mercer,NJ,0.401,39.4
34023,Middlesex,NJ,0.301,47
34025,Monmouth,NJ,0.34,45.1
34027,Morris,NJ,0.283,49.5
34029,Ocean,NJ,0.288,45.6
34031,Passaic,NJ,0.371,42.3
34033,Salem,PA,0.383,42.3
34035,Somerset,NJ,0.321,46.7
34037,Sussex,NJ,0.285,47.8
34039,Union,NJ,0.351,43.8
34041,Warren,NJ,0.283,47.1
35001,Bernalillo,NM,0.313,39.6
35003,Catron,NM,,
35005,Chaves,NM,0.365,41.2
35006,Cibola,NM,0.332,36.5
35007,Colfax,NM,0.196,44.7
35009,Curry,NM,0.344,43.1
35011,De Baca,NM,,
35013,Dona Ana,TX,0.259,41.3
35015,Eddy,NM,0.243,47.9
35017,Grant,NM,0.32,41.3
35019,Guadalupe,NM,,
35021,Harding,NM,,
35023,Hidalgo,NM,0.205,42.2
35025,Lea,NM,0.277,48.6
35027,Lincoln,NM,0.255,44.2
35028,Los Alamos,NM,0.194,49.2
35029,Luna,NM,0.275,41.4
35031,Mckinley,AZ,0.267,32.1
35033,Mora,NM,,
35035,Otero,NM,0.273,41.5
35037,Quay,NM,0.274,43.2
35039,Rio Arriba,NM,0.292,38.8
35041,Roosevelt,NM,0.271,42.4
35043,Sandoval,NM,0.31,38.1
35045,San Juan,NM,0.319,40.3
35047,San Miguel,NM,0.32,40.1
35049,Santa Fe,NM,0.234,40.5
35051,Sierra,NM,0.261,40.8
35053,Socorro,NM,0.31,39.9
35055,Taos,NM,0.183,39.8
35057,Torrance,NM,0.284,41.6
35059,Union,NM,,
35061,Valencia,NM,0.324,39
36001,Albany,NY,0.371,42.3
36003,Allegany,NY,0.346,43.9
36005,Bronx,NY,0.263,38.5
36007,Broome,NY,0.344,42.9
36009,Cattaraugus,NY,0.361,44.2
36011,Cayuga,NY,0.352,43.3
36013,Chautauqua,PA,0.364,42.6
36015,Chemung,NY,0.409,41
36017,Chenango,NY,0.344,43.3
36019,Clinton,NY,0.308,44.2
36021,Columbia,NY,0.358,42
36023,Cortland,NY,0.344,43.6
36025,Delaware,NY,0.326,45.5
36027,Dutchess,NY,0.326,43
36029,Erie,NY,0.375,42.6
36031,Essex,NY,0.284,45.9
36033,Franklin,NY,0.37,41.5
36035,Fulton,NY,0.323,42.9
36037,Genesee,NY,0.321,44.6
36039,Greene,NY,0.289,45.2
36041,Hamilton,NY,,
36043,Herkimer,NY,0.33,45
36045,Jefferson,NY,0.363,43.2
36047,Kings,NY,0.249,41.8
36049,Lewis,NY,0.23,50.2
36051,Livingston,NY,0.278,45.6
36053,Madison,NY,0.33,44
36055,Monroe,NY,0.406,39.3
36057,Montgomery,NY,0.333,43.6
36059,Nassau,NY,0.309,49.7
36061,New York,NY,0.265,40.7
36063,Niagara,NY,0.361,41.5
36065,Oneida,NY,0.358,43.4
36067,Onondaga,NY,0.396,40.3
36069,Ontario,NY,0.322,43.9
36071,Orange,NY,0.337,42.3
36073,Orleans,NY,0.266,44.8
36075,Oswego,NY,0.333,42.9
36077,Otsego,NY,0.303,45.4
36079,Putnam,NY,0.246,51.5
36081,Queens,NY,0.244,46.8
36083,Rensselaer,NY,0.377,42.8
36085,Richmond,NY,0.333,46.5
36087,Rockland,NJ,0.347,44.5
36089,St Lawrence,NY,0.326,44.7
36091,Saratoga,NY,0.325,45.5
36093,Schenectady,NY,0.405,41.5
36095,Schoharie,NY,0.304,45.4
36097,Schuyler,NY,0.235,44.3
36099,Seneca,NY,0.284,45.4
36101,Steuben,NY,0.32,45.1
36103,Suffolk,NY,0.298,47.2
36105,Sullivan,NY,0.34,42.3
36107,Tioga,NY,0.364,41.6
36109,Tompkins,NY,0.3,43.3
36111,Ulster,NY,0.31,42.6
36113,Warren,NY,0.316,43.2
36115,Washington,NY,0.297,43.5
36117,Wayne,NY,0.338,42
36119,Westchester,NY,0.33,45
36121,Wyoming,NY,0.292,47.5
36123,Yates,NY,0.292,45.6
37001,Alamance,NC,0.402,36.5
37003,Alexander,NC,0.351,37.7
37005,Alleghany,VA,0.402,41.6
37007,Anson,NC,0.456,33.6
37009,Ashe,NC,0.332,37.5
37011,Avery,NC,0.335,40.3
37013,Beaufort,NC,0.409,37.4
37015,Bertie,NC,0.507,37.4
37017,Bladen,NC,0.422,36.3
37019,Brunswick,NC,0.275,36.1
37021,Buncombe,NC,0.331,38.2
37023,Burke,NC,0.393,36.2
37025,Cabarrus,NC,0.389,35.7
37027,Caldwell,NC,0.412,34.7
37029,Camden,VA,0.361,37.5
37031,Carteret,NC,0.341,39.7
37033,Caswell,NC,0.447,36.7
37035,Catawba,NC,0.426,36
37037,Chatham,NC,0.317,38.7
37039,Cherokee,NC,0.327,39.8
37041,Chowan,VA,0.483,37.9
37043,Clay,NC,0.322,41.9
37045,Cleveland,NC,0.445,35.2
37047,Columbus,NC,0.364,35.5
37049,Craven,NC,0.344,36.9
37051,Cumberland,NC,0.344,35.9
37053,Currituck,VA,0.328,38.3
37055,Dare,NC,0.263,39.7
37057,Davidson,NC,0.416,36.2
37059,Davie,NC,0.382,40
37061,Duplin,NC,0.436,38.8
37063,Durham,NC,0.381,33.6
37065,Edgecombe,NC,0.426,33.1
37067,Forsyth,NC,0.408,35
37069,Franklin,NC,0.366,34.9
37071,Gaston,NC,0.414,34.7
37073,Gates,VA,0.403,37.7
37075,Graham,NC,0.336,43
37077,Granville,NC,0.401,37.4
37079,Greene,NC,0.476,35.8
37081,Guilford,NC,0.399,35.4
37083,Halifax,NC,0.451,34.9
37085,Harnett,NC,0.452,36.3
37087,Haywood,NC,0.336,40.2
37089,Henderson,NC,0.296,39.9
37091,Hertford,NC,0.429,35.2
37093,Hoke,NC,0.309,32.5
37095,Hyde,NC,,
37097,Iredell,NC,0.411,35.2
37099,Jackson,NC,0.262,40.8
37101,Johnston,NC,0.4,38.1
37103,Jones,NC,0.345,38.8
37105,Lee,NC,0.409,36.8
37107,Lenoir,NC,0.434,36.5
37109,Lincoln,NC,0.417,37.6
37111,McDowell,NC,0.362,37.8
37113,Macon,NC,0.35,42.7
37115,Madison,NC,0.332,40
37117,Martin,NC,0.42,36.5
37119,Mecklenburg,NC,0.402,35
37121,Mitchell,NC,0.305,41.2
37123,Montgomery,NC,0.374,35.9
37125,Moore,NC,0.382,36.8
37127,Nash,NC,0.406,36.7
37129,New Hanover,NC,0.355,35.8
37131,Northampton,NC,0.431,36
37133,Onslow,NC,0.337,39
37135,Orange,NC,0.357,36.9
37137,Pamlico,NC,0.427,38.3
37139,Pasquotank,VA,0.376,36.2
37141,Pender,NC,0.323,36.3
37143,Perquimans,VA,0.489,39.4
37145,Person,NC,0.412,37.1
37147,Pitt,NC,0.427,35.2
37149,Polk,SC,0.308,38.2
37151,Randolph,NC,0.367,39.1
37153,Richmond,NC,0.421,34.4
37155,Robeson,NC,0.394,33
37157,Rockingham,NC,0.385,36.5
37159,Rowan,NC,0.397,35.1
37161,Rutherford,NC,0.367,36
37163,Sampson,NC,0.404,36.8
37165,Scotland,NC,0.387,32.9
37167,Stanly,NC,0.391,39.6
37169,Stokes,NC,0.354,38
37171,Surry,NC,0.373,40.1
37173,Swain,NC,0.334,39.5
37175,Transylvania,NC,0.293,39.5
37177,Tyrrell,NC,,
37179,Union,NC,0.374,38.6
37181,Vance,NC,0.423,32.7
37183,Wake,NC,0.38,38.4
37185,Warren,NC,0.463,36
37187,Washington,NC,0.372,36.6
37189,Watauga,NC,0.238,43
37191,Wayne,NC,0.383,37.6
37193,Wilkes,NC,0.405,38.7
37195,Wilson,NC,0.442,35.4
37197,Yadkin,NC,0.379,40.5
37199,Yancey,NC,0.386,39.6
38001,Adams,ND,,
38003,Barnes,ND,0.251,58
38005,Benson,ND,0.66,41.4
38007,Billings,ND,,
38009,Bottineau,ND,0.104,62.2
38011,Bowman,ND,,
38013,Burke,ND,,
38015,Burleigh,ND,0.268,52.3
38017,Cass,ND,0.287,49.9
38019,Cavalier,ND,,
38021,Dickey,ND,,
38023,Divide,ND,,
38025,Dunn,ND,,
38027,Eddy,ND,,
38029,Emmons,ND,,
38031,Foster,ND,,
38033,Golden Valley,MT,,
38035,Grand Forks,ND,0.272,49.3
38037,Grant,ND,,
38039,Griggs,ND,,
38041,Hettinger,ND,,
38043,Kidder,ND,,
38045,Lamoure,ND,,
38047,Logan,ND,,
38049,McHenry,ND,0.185,59.6
38051,McIntosh,ND,,
38053,Mckenzie,ND,,
38055,Mclean,ND,0.283,54.3
38057,Mercer,ND,0.175,59.8
38059,Morton,ND,0.239,55.9
38061,Mountrail,ND,0.422,50.7
38063,Nelson,ND,,
38065,Oliver,ND,,
38067,Pembina,ND,0.226,55.6
38069,Pierce,ND,,
38071,Ramsey,ND,0.356,51.4
38073,Ransom,ND,0.238,58.9
38075,Renville,ND,,
38077,Richland,ND,0.267,56.2
38079,Rolette,ND,0.346,37.6
38081,Sargent,ND,,
38083,Sheridan,ND,,
38085,Sioux,SD,,
38087,Slope,ND,,
38089,Stark,ND,0.163,63.6
38091,Steele,ND,,
38093,Stutsman,ND,0.256,53.5
38095,Towner,ND,,
38097,Traill,ND,0.316,55
38099,Walsh,ND,0.192,56.4
38101,Ward,ND,0.273,54.1
38103,Wells,ND,,
38105,Williams,ND,0.189,61.6
39001,Adams,OH,0.424,40.5
39003,Allen,OH,0.417,39.3
39005,Ashland,OH,0.313,44.7
39007,Ashtabula,OH,0.329,40.6
39009,Athens,OH,0.3,39
39011,Auglaize,OH,0.298,47.3
39013,Belmont,WV,0.366,45.7
39015,Brown,OH,0.344,41.5
39017,Butler,OH,0.406,38.6
39019,Carroll,OH,0.315,43.6
39021,Champaign,OH,0.334,41
39023,Clark,OH,0.41,36.5
39025,Clermont,OH,0.369,40.7
39027,Clinton,OH,0.359,39
39029,Columbiana,OH,0.366,42.9
39031,Coshocton,OH,0.396,38.7
39033,Crawford,OH,0.403,40.6
39035,Cuyahoga,OH,0.432,36.4
39037,Darke,OH,0.338,46.6
39039,Defiance,OH,0.357,41.2
39041,Delaware,OH,0.363,40.9
39043,Erie,OH,0.354,40.3
39045,Fairfield,OH,0.37,41.2
39047,Fayette,OH,0.451,37.5
39049,Franklin,OH,0.427,36
39051,Fulton,OH,0.271,46.7
39053,Gallia,OH,0.408,39.1
39055,Geauga,OH,0.274,46.3
39057,Greene,OH,0.368,38.9
39059,Guernsey,OH,0.378,42.4
39061,Hamilton,OH,0.468,35.7
39063,Hancock,OH,0.345,43.1
39065,Hardin,OH,0.315,43.3
39067,Harrison,OH,0.393,45.1
39069,Henry,OH,0.34,47.3
39071,Highland,OH,0.36,39
39073,Hocking,OH,0.372,40
39075,Holmes,OH,0.276,46.6
39077,Huron,OH,0.324,43.4
39079,Jackson,OH,0.333,39.1
39081,Jefferson,OH,0.425,40.8
39083,Knox,OH,0.308,44.3
39085,Lake,OH,0.33,43.4
39087,Lawrence,KY,0.365,39.6
39089,Licking,OH,0.34,39.9
39091,Logan,OH,0.353,41
39093,Lorain,OH,0.363,38.3
39095,Lucas,OH,0.4,35.9
39097,Madison,OH,0.391,39.4
39099,Mahoning,OH,0.402,40.3
39101,Marion,OH,0.429,39.2
39103,Medina,OH,0.279,44.8
39105,Meigs,OH,0.278,43.8
39107,Mercer,OH,0.336,51.5
39109,Miami,OH,0.374,42.6
39111,Monroe,WV,0.324,49
39113,Montgomery,OH,0.416,35.8
39115,Morgan,OH,0.398,41.7
39117,Morrow,OH,0.371,40.7
39119,Muskingum,OH,0.419,40.2
39121,Noble,OH,0.356,49
39123,Ottawa,OH,0.331,44.6
39125,Paulding,OH,0.376,43.8
39127,Perry,OH,0.443,39.6
39129,Pickaway,OH,0.419,38
39131,Pike,OH,0.377,38.5
39133,Portage,OH,0.286,42.5
39135,Preble,OH,0.33,42.2
39137,Putnam,OH,0.325,51.1
39139,Richland,OH,0.383,39.4
39141,Ross,OH,0.426,37.2
39143,Sandusky,OH,0.387,42.5
39145,Scioto,OH,0.401,38.6
39147,Seneca,OH,0.372,44.3
39149,Shelby,OH,0.413,42.5
39151,Stark,OH,0.41,39.8
39153,Summit,OH,0.41,37.9
39155,Trumbull,OH,0.377,39.2
39157,Tuscarawas,OH,0.35,45.1
39159,Union,OH,0.314,42.4
39161,Van Wert,OH,0.434,42.6
39163,Vinton,OH,0.331,39.3
39165,Warren,OH,0.322,43.4
39167,Washington,WV,0.341,43.3
39169,Wayne,OH,0.346,43.3
39171,Williams,OH,0.288,45.9
39173,Wood,OH,0.32,43.4
39175,Wyandot,OH,0.272,48.9
40001,Adair,OK,0.328,39.6
40003,Alfalfa,OK,,
40005,Atoka,OK,0.391,45
40007,Beaver,KS,0.331,54
40009,Beckham,OK,0.339,52.1
40011,Blaine,OK,0.395,49.1
40013,Bryan,TX,0.39,41.2
40015,Caddo,OK,0.455,43.9
40017,Canadian,OK,0.297,46.9
40019,Carter,OK,0.377,44.3
40021,Cherokee,OK,0.346,40.7
40023,Choctaw,OK,0.318,41.5
40025,Cimarron,OK,,
40027,Cleveland,OK,0.264,44.7
40029,Coal,OK,,
40031,Comanche,OK,0.343,41.8
40033,Cotton,OK,0.163,47.4
40035,Craig,OK,0.259,44.9
40037,Creek,OK,0.327,42.9
40039,Custer,OK,0.384,49.2
40041,Delaware,AR,0.381,41.8
40043,Dewey,OK,0.215,60.1
40045,Ellis,OK,,
40047,Garfield,OK,0.36,46.4
40049,Garvin,OK,0.318,48.2
40051,Grady,OK,0.305,47.1
40053,Grant,OK,,
40055,Greer,OK,,
40057,Harmon,OK,,
40059,Harper,OK,,
40061,Haskell,AR,0.213,47.1
40063,Hughes,OK,0.423,45.6
40065,Jackson,OK,0.3,45
40067,Jefferson,OK,0.356,50.3
40069,Johnston,OK,0.273,46.9
40071,Kay,OK,0.343,44.2
40073,Kingfisher,OK,0.38,50.5
40075,Kiowa,OK,0.407,45.7
40077,Latimer,AR,0.323,45.6
40079,Le Flore,AR,0.294,45.8
40081,Lincoln,OK,0.297,45.8
40083,Logan,OK,0.305,43.7
40085,Love,OK,0.332,47.2
40087,Mcclain,OK,0.271,47.2
40089,McCurtain,OK,0.304,42
40091,McIntosh,OK,0.317,42.1
40093,Major,OK,0.207,56.2
40095,Marshall,OK,0.404,46.1
40097,Mayes,OK,0.327,43.1
40099,Murray,OK,0.354,46.4
40101,Muskogee,OK,0.37,41.3
40103,Noble,OK,0.37,45.2
40105,Nowata,KS,0.329,46.3
40107,Okfuskee,OK,0.34,42.9
40109,Oklahoma,OK,0.365,40.4
40111,Okmulgee,OK,0.332,41.8
40113,Osage,OK,0.3,41.2
40115,Ottawa,MO,0.362,42.3
40117,Pawnee,OK,0.203,47.5
40119,Payne,OK,0.29,46
40121,Pittsburg,AR,0.352,43
40123,Pontotoc,OK,0.376,45.1
40125,Pottawatomie,OK,0.353,41.6
40127,Pushmataha,OK,0.319,45.3
40129,Roger Mills,OK,,
40131,Rogers,OK,0.272,44.7
40133,Seminole,OK,0.415,41.6
40135,Sequoyah,AR,0.349,42.7
40137,Stephens,OK,0.293,47.9
40139,Texas,OK,0.278,49
40141,Tillman,OK,0.345,45.6
40143,Tulsa,OK,0.367,40
40145,Wagoner,OK,0.299,44.5
40147,Washington,KS,0.359,41.5
40149,Washita,OK,0.316,51
40151,Woods,OK,0.309,52.7
40153,Woodward,OK,0.319,50.5
41001,Baker,OR,0.3,46.2
41003,Benton,OR,0.267,42.1
41005,Clackamas,OR,0.265,43.2
41007,Clatsop,WA,0.226,42.7
41009,Columbia,OR,0.257,42.4
41011,Coos,OR,0.303,41.2
41013,Crook,OR,0.25,43.6
41015,Curry,CA,0.278,40.8
41017,Deschutes,OR,0.256,42.2
41019,Douglas,OR,0.288,40.6
41021,Gilliam,OR,,
41023,Grant,OR,0.166,49.7
41025,Harney,OR,0.193,44
41027,Hood River,OR,0.23,45.6
41029,Jackson,OR,0.257,41
41031,Jefferson,OR,0.44,35.6
41033,Josephine,OR,0.312,40.7
41035,Klamath,CA,0.343,41.4
41037,Lake,OR,0.34,47.9
41039,Lane,OR,0.299,39.7
41041,Lincoln,OR,0.301,40.7
41043,Linn,OR,0.321,39.5
41045,Malheur,OR,0.27,43.8
41047,Marion,OR,0.29,40.9
41049,Morrow,WA,0.413,44.3
41051,Multnomah,OR,0.278,39.1
41053,Polk,OR,0.287,41.5
41055,Sherman,OR,,
41057,Tillamook,OR,0.228,41.9
41059,Umatilla,WA,0.279,42.8
41061,Union,OR,0.223,44.9
41063,Wallowa,OR,0.253,47.7
41065,Wasco,OR,0.249,43.2
41067,Washington,OR,0.255,43.1
41069,Wheeler,OR,,
41071,Yamhill,OR,0.267,41.6
42001,Adams,PA,0.275,48.6
42003,Allegheny,PA,0.389,42.8
42005,Armstrong,PA,0.327,49.1
42007,Beaver,PA,0.361,44.7
42009,Bedford,PA,0.322,48
42011,Berks,PA,0.378,44.3
42013,Blair,PA,0.357,43.9
42015,Bradford,PA,0.285,49.1
42017,Bucks,PA,0.297,47.2
42019,Butler,PA,0.295,48.6
42021,Cambria,PA,0.361,48.7
42023,Cameron,PA,0.255,45.9
42025,Carbon,PA,0.31,48.1
42027,Centre,PA,0.284,47.3
42029,Chester,PA,0.321,46.1
42031,Clarion,PA,0.32,50.8
42033,Clearfield,PA,0.336,47
42035,Clinton,PA,0.309,47.5
42037,Columbia,PA,0.341,46.7
42039,Crawford,PA,0.339,45.1
42041,Cumberland,PA,0.318,46.3
42043,Dauphin,PA,0.405,40.1
42045,Delaware,PA,0.353,43.8
42047,Elk,PA,0.305,48.7
42049,Erie,PA,0.376,42.2
42051,Fayette,PA,0.384,44.7
42053,Forest,PA,,
42055,Franklin,PA,0.326,46.2
42057,Fulton,PA,0.41,47.2
42059,Greene,PA,0.277,49.8
42061,Huntingdon,PA,0.302,46.9
42063,Indiana,PA,0.275,51.4
42065,Jefferson,PA,0.29,48.9
42067,Juniata,PA,0.314,49.5
42069,Lackawanna,PA,0.341,45.8
42071,Lancaster,PA,0.348,44.7
42073,Lawrence,OH,0.387,44.4
42075,Lebanon,PA,0.327,46.7
42077,Lehigh,PA,0.382,43.9
42079,Luzerne,PA,0.334,45.9
42081,Lycoming,PA,0.359,45.4
42083,McKean,NY,0.331,45.7
42085,Mercer,OH,0.415,43.2
42087,Mifflin,PA,0.377,43.1
42089,Monroe,PA,0.272,44.3
42091,Montgomery,PA,0.305,47
42093,Montour,PA,0.412,43.9
42095,Northampton,PA,0.346,45
42097,Northumberland,PA,0.307,48.5
42099,Perry,PA,0.313,46.2
42101,Philadelphia,PA,0.403,37.1
42103,Pike,PA,0.275,44.8
42105,Potter,NY,0.28,50.8
42107,Schuylkill,PA,0.333,49.1
42109,Snyder,PA,0.354,47.3
42111,Somerset,PA,0.363,48.7
42113,Sullivan,PA,,
42115,Susquehanna,NY,0.221,49
42117,Tioga,NY,0.27,49.1
42119,Union,PA,0.268,48.8
42121,Venango,PA,0.333,44.9
42123,Warren,PA,0.315,44.4
42125,Washington,PA,0.34,47.3
42127,Wayne,PA,0.24,48.1
42129,Westmoreland,PA,0.338,47.2
42131,Wyoming,PA,0.326,47.5
42133,York,PA,0.363,44.2
44001,Bristol,RI,0.312,45
44003,Kent,RI,0.3,44.7
44005,Newport,RI,0.34,41.3
44007,Providence,RI,0.359,42.3
44009,Washington,RI,0.288,44
45001,Abbeville,SC,0.459,36.9
45003,Aiken,GA,0.378,37.5
45005,Allendale,SC,0.416,32.5
45007,Anderson,SC,0.378,36.9
45009,Bamberg,SC,0.441,35
45011,Barnwell,SC,0.396,35
45013,Beaufort,GA,0.335,36.7
45015,Berkeley,SC,0.306,39
45017,Calhoun,SC,0.357,36
45019,Charleston,SC,0.35,36.7
45021,Cherokee,SC,0.388,34.5
45023,Chester,NC,0.356,34.9
45025,Chesterfield,SC,0.428,35.7
45027,Clarendon,SC,0.47,36.2
45029,Colleton,SC,0.352,36.2
45031,Darlington,SC,0.432,35.3
45033,Dillon,SC,0.375,34.6
45035,Dorchester,SC,0.341,39.3
45037,Edgefield,GA,0.376,34.9
45039,Fairfield,SC,0.37,32.7
45041,Florence,SC,0.397,36.2
45043,Georgetown,SC,0.406,35.8
45045,Greenville,SC,0.373,37
45047,Greenwood,SC,0.402,35
45049,Hampton,SC,0.342,36.3
45051,Horry,SC,0.352,36.7
45053,Jasper,GA,0.372,34.1
45055,Kershaw,SC,0.347,37.9
45057,Lancaster,NC,0.416,35.4
45059,Laurens,SC,0.401,36
45061,Lee,SC,0.398,34.3
45063,Lexington,SC,0.372,39.3
45065,McCormick,SC,0.366,34
45067,Marion,SC,0.403,34.6
45069,Marlboro,SC,0.359,33.8
45071,Newberry,SC,0.409,37.3
45073,Oconee,SC,0.357,39.9
45075,Orangeburg,SC,0.392,35.3
45077,Pickens,SC,0.379,38.7
45079,Richland,SC,0.399,34.4
45081,Saluda,SC,0.406,36.5
45083,Spartanburg,SC,0.405,37
45085,Sumter,SC,0.39,36.4
45087,Union,SC,0.412,34.5
45089,Williamsburg,SC,0.463,36.5
45091,York,NC,0.401,36.9
46003,Aurora,SD,,
46005,Beadle,SD,0.29,51.7
46007,Bennett,SD,,
46009,Bon Homme,SD,0.285,56.3
46011,Brookings,SD,0.22,52.5
46013,Brown,SD,0.246,51.4
46015,Brule,SD,0.291,50
46017,Buffalo,SD,,
46019,Butte,SD,0.236,51
46021,Campbell,SD,,
46023,Charles Mix,SD,0.396,43.8
46025,Clark,SD,,
46027,Clay,SD,0.222,49
46029,Codington,SD,0.301,51.1
46031,Corson,SD,,
46033,Custer,SD,0.404,46.1
46035,Davison,SD,0.286,51.1
46037,Day,SD,0.233,54.4
46039,Deuel,SD,,
46041,Dewey,SD,0.273,35.8
46043,Douglas,SD,,
46045,Edmunds,SD,,
46047,Fall River,SD,0.309,48.1
46049,Faulk,SD,,
46051,Grant,MN,0.313,52.4
46053,Gregory,SD,0.31,54.2
46055,Haakon,SD,,
46057,Hamlin,SD,0.227,59.9
46059,Hand,SD,,
46061,Hanson,SD,,
46063,Harding,SD,,
46065,Hughes,SD,0.427,45
46067,Hutchinson,SD,0.124,60.2
46069,Hyde,SD,,
46071,Jackson,SD,,
46073,Jerauld,SD,,
46075,Jones,SD,,
46077,Kingsbury,SD,0.221,58.8
46079,Lake,SD,0.329,52.7
46081,Lawrence,SD,0.244,49.6
46083,Lincoln,SD,0.276,51.8
46085,Lyman,SD,,
46087,McCook,SD,0.239,57.2
46089,McPherson,SD,,
46091,Marshall,SD,,
46093,Meade,SD,0.216,47.5
46095,Mellette,SD,,
46097,Miner,SD,,
46099,Minnehaha,SD,0.289,47.8
46101,Moody,SD,0.257,50.6
46103,Pennington,SD,0.354,43.3
46105,Perkins,ND,,
46107,Potter,SD,,
46109,Roberts,SD,0.425,43.1
46111,Sanborn,SD,,
46113,Shannon,SD,0.174,23.7
46115,Spink,SD,0.185,57.9
46117,Stanley,SD,,
46119,Sully,SD,,
46121,Todd,SD,0.281,24.3
46123,Tripp,SD,0.266,50.7
46125,Turner,SD,0.211,55.6
46127,Union,IA,0.202,52.8
46129,Walworth,SD,0.465,46.7
46135,Yankton,SD,0.259,52.7
46137,Ziebach,SD,,
47001,Anderson,TN,0.36,39.2
47003,Bedford,TN,0.367,37.3
47005,Benton,TN,0.388,39.2
47007,Bledsoe,TN,0.35,42.8
47009,Blount,TN,0.37,38.3
47011,Bradley,TN,0.32,39.4
47013,Campbell,TN,0.349,38.3
47015,Cannon,TN,0.321,44.2
47017,Carroll,TN,0.37,40
47019,Carter,TN,0.371,37.9
47021,Cheatham,TN,0.327,39.4
47023,Chester,TN,0.335,43
47025,Claiborne,TN,0.366,39.8
47027,Clay,KY,,
47029,Cocke,TN,0.389,36.9
47031,Coffee,TN,0.388,40.2
47033,Crockett,TN,0.361,38.8
47035,Cumberland,TN,0.341,41.1
47037,Davidson,TN,0.378,35.5
47039,Decatur,TN,0.405,45
47041,Dekalb,TN,0.347,39.9
47043,Dickson,TN,0.349,40.5
47045,Dyer,TN,0.396,39
47047,Fayette,TN,0.432,34.5
47049,Fentress,TN,0.374,39.1
47051,Franklin,TN,0.354,39.4
47053,Gibson,TN,0.391,38.3
47055,Giles,TN,0.286,43
47057,Grainger,TN,0.42,39.7
47059,Greene,TN,0.312,38.5
47061,Grundy,TN,0.432,38.4
47063,Hamblen,TN,0.343,38.2
47065,Hamilton,TN,0.376,37
47067,Hancock,TN,,
47069,Hardeman,TN,0.371,37
47071,Hardin,MS,0.407,39.3
47073,Hawkins,TN,0.344,37.7
47075,Haywood,TN,0.455,34.1
47077,Henderson,TN,0.355,40.1
47079,Henry,TN,0.351,39.2
47081,Hickman,TN,0.326,38.6
47083,Houston,TN,0.341,43.2
47085,Humphreys,TN,0.381,39.1
47087,Jackson,TN,0.319,40.1
47089,Jefferson,TN,0.348,38.6
47091,Johnson,NC,0.35,36.2
47093,Knox,TN,0.387,37
47095,Lake,TN,,
47097,Lauderdale,TN,0.515,36.2
47099,Lawrence,AL,0.362,41.2
47101,Lewis,TN,0.308,42.3
47103,Lincoln,AL,0.364,43.1
47105,Loudon,TN,0.324,39.3
47107,McMinn,TN,0.357,39.4
47109,McNairy,MS,0.406,39.4
47111,Macon,TN,0.4,43.2
47113,Madison,TN,0.419,35.8
47115,Marion,TN,0.318,40.5
47117,Marshall,TN,0.302,40.4
47119,Maury,TN,0.323,37.2
47121,Meigs,TN,0.387,38.9
47123,Monroe,TN,0.379,38.9
47125,Montgomery,TN,0.324,39
47127,Moore,TN,,
47129,Morgan,TN,0.375,39.3
47131,Obion,TN,0.429,36.9
47133,Overton,TN,0.331,42.1
47135,Perry,TN,0.335,37.5
47137,Pickett,TN,,
47139,Polk,TN,0.36,39
47141,Putnam,TN,0.308,40.7
47143,Rhea,TN,0.335,40.4
47145,Roane,TN,0.367,37.7
47147,Robertson,TN,0.309,40.7
47149,Rutherford,TN,0.314,39.5
47151,Scott,KY,0.347,39.5
47153,Sequatchie,TN,0.331,40.3
47155,Sevier,TN,0.346,37
47157,Shelby,TN,0.42,33
47159,Smith,TN,0.388,42.5
47161,Stewart,TN,0.29,44
47163,Sullivan,TN,0.392,37.7
47165,Sumner,TN,0.321,41
47167,Tipton,TN,0.41,37
47169,Trousdale,TN,0.426,40.5
47171,Unicoi,TN,0.444,38.4
47173,Union,TN,0.32,38.9
47175,Van Buren,TN,,
47177,Warren,TN,0.346,39.1
47179,Washington,TN,0.38,37
47181,Wayne,AL,0.238,45.3
47183,Weakley,TN,0.353,40.8
47185,White,TN,0.413,39.6
47187,Williamson,TN,0.308,42.4
47189,Wilson,TN,0.329,41.3
48001,Anderson,TX,0.374,42.4
48003,Andrews,TX,0.207,57.2
48005,Angelina,TX,0.353,42.2
48007,Aransas,TX,0.248,45.8
48009,Archer,TX,0.358,50
48011,Armstrong,TX,,
48013,Atascosa,TX,0.315,46
48015,Austin,TX,0.352,46.1
48017,Bailey,TX,0.294,48.1
48019,Bandera,TX,0.226,47
48021,Bastrop,TX,0.302,41.7
48023,Baylor,TX,,
48025,Bee,TX,0.311,44.4
48027,Bell,TX,0.351,39.6
48029,Bexar,TX,0.319,40.4
48031,Blanco,TX,0.195,48.3
48033,Borden,TX,,
48035,Bosque,TX,0.369,44.8
48037,Bowie,TX,0.396,39.1
48039,Brazoria,TX,0.3,45.4
48041,Brazos,TX,0.342,41.1
48043,Brewster,TX,0.281,48.7
48045,Briscoe,TX,,
48047,Brooks,TX,0.357,46.9
48049,Brown,TX,0.341,44
48051,Burleson,TX,0.402,44.4
48053,Burnet,TX,0.324,43.2
48055,Caldwell,TX,0.334,41.1
48057,Calhoun,TX,0.312,45.8
48059,Callahan,TX,0.25,49.9
48061,Cameron,TX,0.227,43.5
48063,Camp,TX,0.374,41.7
48065,Carson,TX,0.189,58.3
48067,Cass,TX,0.352,44.8
48069,Castro,TX,0.435,45.5
48071,Chambers,TX,0.322,46.2
48073,Cherokee,TX,0.377,43.1
48075,Childress,TX,0.394,43.2
48077,Clay,TX,0.251,48.9
48079,Cochran,TX,,
48081,Coke,TX,,
48083,Coleman,TX,0.37,46.4
48085,Collin,TX,0.291,45.6
48087,Collingsworth,TX,,
48089,Colorado,TX,0.384,47.4
48091,Comal,TX,0.302,44.1
48093,Comanche,TX,0.251,48.4
48095,Concho,TX,,
48097,Cooke,TX,0.366,47.3
48099,Coryell,TX,0.275,43.1
48101,Cottle,TX,,
48103,Crane,TX,,
48105,Crockett,TX,,
48107,Crosby,TX,0.37,43.1
48109,Culberson,TX,,
48111,Dallam,TX,0.261,49.7
48113,Dallas,TX,0.352,39.1
48115,Dawson,TX,0.444,45.1
48117,Deaf Smith,TX,0.38,43.5
48119,Delta,TX,,
48121,Denton,TX,0.271,44.9
48123,De Witt,TX,0.408,47.6
48125,Dickens,TX,,
48127,Dimmit,TX,0.246,45.5
48129,Donley,TX,,
48131,Duval,TX,0.25,51.7
48133,Eastland,TX,0.301,47.3
48135,Ector,TX,0.265,50.8
48137,Edwards,TX,,
48139,Ellis,TX,0.331,42.5
48141,El Paso,TX,0.212,44.3
48143,Erath,TX,0.264,47.7
48145,Falls,TX,0.349,40.4
48147,Fannin,TX,0.31,43.2
48149,Fayette,TX,0.358,50.4
48151,Fisher,TX,,
48153,Floyd,TX,0.454,43.6
48155,Foard,TX,,
48157,Fort Bend,TX,0.317,43.5
48159,Franklin,TX,0.455,44.4
48161,Freestone,TX,0.367,46.2
48163,Frio,TX,0.26,45.1
48165,Gaines,NM,0.296,54.6
48167,Galveston,TX,0.329,41.6
48169,Garza,TX,,
48171,Gillespie,TX,0.271,47.8
48173,Glasscock,TX,,
48175,Goliad,TX,0.421,47.2
48177,Gonzales,TX,0.373,43.7
48179,Gray,TX,0.306,48.8
48181,Grayson,TX,0.343,41.3
48183,Gregg,TX,0.348,43.5
48185,Grimes,TX,0.373,41.4
48187,Guadalupe,TX,0.341,41.3
48189,Hale,TX,0.345,44.4
48191,Hall,TX,,
48193,Hamilton,TX,0.488,47.7
48195,Hansford,TX,0.37,53.2
48197,Hardeman,TX,,
48199,Hardin,TX,0.29,46.3
48201,Harris,TX,0.326,42.6
48203,Harrison,TX,0.377,42.4
48205,Hartley,TX,,
48207,Haskell,TX,0.141,50.4
48209,Hays,TX,0.305,40.7
48211,Hemphill,TX,,
48213,Henderson,TX,0.343,43.8
48215,Hidalgo,TX,0.23,44.1
48217,Hill,TX,0.379,44.2
48219,Hockley,TX,0.364,46.7
48221,Hood,TX,0.28,45.7
48223,Hopkins,TX,0.291,44.6
48225,Houston,TX,0.405,42.2
48227,Howard,TX,0.323,47.9
48229,Hudspeth,TX,,
48231,Hunt,TX,0.344,40.1
48233,Hutchinson,TX,0.285,49.4
48235,Irion,TX,,
48237,Jack,TX,0.344,54
48239,Jackson,TX,0.306,48.2
48241,Jasper,TX,0.342,44.7
48243,Jeff Davis,TX,,
48245,Jefferson,TX,0.361,41.5
48247,Jim Hogg,TX,,
48249,Jim Wells,TX,0.281,49.3
48251,Johnson,TX,0.267,46
48253,Jones,TX,0.306,47.4
48255,Karnes,TX,0.401,47.6
48257,Kaufman,TX,0.334,41.8
48259,Kendall,TX,0.247,46.7
48261,Kenedy,TX,,
48263,Kent,TX,,
48265,Kerr,TX,0.323,43.2
48267,Kimble,TX,,
48269,King,TX,,
48271,Kinney,TX,,
48273,Kleberg,TX,0.273,44.7
48275,Knox,TX,,
48277,Lamar,TX,0.407,39.8
48279,Lamb,TX,0.4,46.8
48281,Lampasas,TX,0.272,44.1
48283,La Salle,TX,0.27,45.7
48285,Lavaca,TX,0.38,52
48287,Lee,TX,0.407,47
48289,Leon,TX,0.308,49.5
48291,Liberty,TX,0.289,45
48293,Limestone,TX,0.397,43.7
48295,Lipscomb,TX,,
48297,Live Oak,TX,0.133,48.8
48299,Llano,TX,0.329,43.4
48301,Loving,TX,,
48303,Lubbock,TX,0.391,40.3
48305,Lynn,TX,0.426,43.2
48307,McCulloch,TX,0.274,48.6
48309,McLennan,TX,0.408,39
48311,McMullen,TX,,
48313,Madison,TX,0.388,40.5
48315,Marion,TX,0.157,42.8
48317,Martin,TX,,
48319,Mason,TX,,
48321,Matagorda,TX,0.286,46.2
48323,Maverick,TX,0.249,46.5
48325,Medina,TX,0.349,44.8
48327,Menard,TX,,
48329,Midland,TX,0.309,49.2
48331,Milam,TX,0.396,44.6
48333,Mills,TX,,
48335,Mitchell,TX,0.307,51.4
48337,Montague,TX,0.291,50.8
48339,Montgomery,TX,0.301,44.5
48341,Moore,TX,0.369,46.4
48343,Morris,TX,0.351,42.3
48345,Motley,TX,,
48347,Nacogdoches,TX,0.387,41.5
48349,Navarro,TX,0.452,41.6
48351,Newton,TX,0.338,41.3
48353,Nolan,TX,0.321,46.2
48355,Nueces,TX,0.313,42.4
48357,Ochiltree,TX,0.188,56.2
48359,Oldham,TX,,
48361,Orange,TX,0.326,45.6
48363,Palo Pinto,TX,0.383,45.1
48365,Panola,TX,0.388,46.3
48367,Parker,TX,0.253,46.8
48369,Parmer,NM,0.354,47.8
48371,Pecos,TX,0.205,52.8
48373,Polk,TX,0.336,43.8
48375,Potter,TX,0.33,40.4
48377,Presidio,TX,0.069,53.5
48379,Rains,TX,0.234,46.5
48381,Randall,TX,0.282,46.5
48383,Reagan,TX,,
48385,Real,TX,,
48387,Red River,TX,0.457,42.6
48389,Reeves,TX,0.148,52.4
48391,Refugio,TX,0.29,47.2
48393,Roberts,TX,,
48395,Robertson,TX,0.346,42
48397,Rockwall,TX,0.294,44.2
48399,Runnels,TX,0.382,46.9
48401,Rusk,TX,0.365,45.3
48403,Sabine,TX,0.293,46.9
48405,San Augustine,TX,0.449,42.7
48407,San Jacinto,TX,0.26,42.8
48409,San Patricio,TX,0.295,45
48411,San Saba,TX,,
48413,Schleicher,TX,,
48415,Scurry,TX,0.281,49.2
48417,Shackelford,TX,,
48419,Shelby,TX,0.412,45.9
48421,Sherman,OK,,
48423,Smith,TX,0.36,41.3
48425,Somervell,TX,0.233,48.5
48427,Starr,TX,0.252,47.6
48429,Stephens,TX,0.321,44.3
48431,Sterling,TX,,
48433,Stonewall,TX,,
48435,Sutton,TX,,
48437,Swisher,TX,0.317,45.5
48439,Tarrant,TX,0.337,41
48441,Taylor,TX,0.344,43.7
48443,Terrell,TX,,
48445,Terry,NM,0.391,42.1
48447,Throckmorton,TX,,
48449,Titus,TX,0.349,43.3
48451,Tom Green,TX,0.332,42.9
48453,Travis,TX,0.339,38.7
48455,Trinity,TX,0.382,39.7
48457,Tyler,TX,0.279,45.3
48459,Upshur,TX,0.367,43.8
48461,Upton,TX,,
48463,Uvalde,TX,0.368,43.8
48465,Val Verde,TX,0.21,47.6
48467,Van Zandt,TX,0.317,44.5
48469,Victoria,TX,0.361,43.4
48471,Walker,TX,0.393,41
48473,Waller,TX,0.378,42
48475,Ward,TX,0.221,53.4
48477,Washington,TX,0.462,41.6
48479,Webb,TX,0.222,44.7
48481,Wharton,TX,0.4,45.3
48483,Wheeler,TX,,
48485,Wichita,TX,0.334,43.1
48487,Wilbarger,TX,0.404,42.7
48489,Willacy,TX,0.229,44.5
48491,Williamson,TX,0.28,43.5
48493,Wilson,TX,0.387,45
48495,Winkler,TX,0.31,54.1
48497,Wise,TX,0.261,48.3
48499,Wood,TX,0.303,46.8
48501,Yoakum,NM,0.272,54.3
48503,Young,TX,0.413,48.7
48505,Zapata,TX,0.369,47.8
48507,Zavala,TX,0.331,44.7
49001,Beaver,UT,0.252,52.1
49003,Box Elder,UT,0.239,48.4
49005,Cache,UT,0.186,50.3
49007,Carbon,UT,0.238,49.4
49009,Daggett,WY,,
49011,Davis,UT,0.245,47.9
49013,Duchesne,UT,0.212,59
49015,Emery,UT,0.308,50.5
49017,Garfield,UT,0.187,51.9
49019,Grand,UT,0.339,46.1
49021,Iron,UT,0.272,46
49023,Juab,UT,0.192,51
49025,Kane,AZ,0.338,47.4
49027,Millard,UT,0.211,51.1
49029,Morgan,UT,0.185,52.8
49031,Piute,UT,,
49033,Rich,WY,,
49035,Salt Lake,UT,0.267,45.7
49037,San Juan,CO,0.252,44.7
49039,Sanpete,UT,0.239,50.2
49041,Sevier,UT,0.282,49.8
49043,Summit,UT,0.121,55.6
49045,Tooele,UT,0.221,47.7
49047,Uintah,UT,0.262,54.5
49049,Utah,UT,0.185,49.1
49051,Wasatch,UT,0.163,52.7
49053,Washington,UT,0.226,45.8
49055,Wayne,UT,,
49057,Weber,UT,0.299,44.4
50001,Addison,VT,0.278,44.3
50003,Bennington,MA,0.303,42.6
50005,Caledonia,VT,0.267,43.8
50007,Chittenden,VT,0.328,42.7
50009,Essex,VT,0.34,46.5
50011,Franklin,VT,0.315,44
50013,Grand Isle,VT,,
50015,Lamoille,VT,0.27,44.5
50017,Orange,VT,0.275,45.2
50019,Orleans,VT,0.309,44.7
50021,Rutland,VT,0.31,44.5
50023,Washington,VT,0.228,45.6
50025,Windham,NH,0.206,44.3
50027,Windsor,VT,0.271,44.8
51001,Accomack,VA,0.407,38.9
51003,Albemarle,VA,0.323,41.7
51005,Alleghany,VA,,
51007,Amelia,VA,0.301,41
51009,Amherst,VA,0.348,42.2
51011,Appomattox,VA,0.49,37.1
51013,Arlington,DC,0.214,47.9
51015,Augusta,VA,0.339,42.9
51017,Bath,VA,,
51019,Bedford,VA,0.366,42.1
51021,Bland,VA,0.198,46
51023,Botetourt,VA,0.272,45.1
51025,Brunswick,VA,0.43,36.8
51027,Buchanan,VA,0.283,49.3
51029,Buckingham,VA,0.458,36.9
51031,Campbell,VA,0.377,40
51033,Caroline,VA,0.305,38.4
51035,Carroll,VA,0.433,40.1
51036,Charles City,VA,,
51037,Charlotte,VA,0.373,41.2
51041,Chesterfield,VA,0.342,41.8
51043,Clarke,VA,0.28,45.4
51045,Craig,VA,,
51047,Culpeper,VA,0.357,39.7
51049,Cumberland,VA,,
51051,Dickenson,VA,0.293,49.8
51053,Dinwiddie,VA,0.424,37.5
51057,Essex,VA,0.298,41.2
51059,Fairfax,DC,0.245,51.2
51061,Fauquier,DC,0.34,42
51063,Floyd,VA,0.332,43
51065,Fluvanna,VA,0.36,40.1
51067,Franklin,VA,0.323,41.6
51069,Frederick,VA,0.334,42.6
51071,Giles,VA,0.372,39.5
51073,Gloucester,VA,0.326,41.6
51075,Goochland,VA,0.355,41.4
51077,Grayson,VA,0.34,42.5
51079,Greene,VA,0.374,39.1
51081,Greensville,NC,,
51083,Halifax,VA,0.454,38.4
51085,Hanover,VA,0.322,44.9
51087,Henrico,VA,0.348,41.3
51089,Henry,VA,0.465,36.6
51091,Highland,VA,,
51093,Isle of Wight,VA,0.424,38.3
51095,James City,VA,0.385,39.3
51097,King and Queen,VA,,
51099,King George,VA,0.379,41.1
51101,King William,VA,0.384,39.4
51103,Lancaster,VA,0.373,39.7
51105,Lee,VA,0.433,41.1
51107,Loudoun,DC,0.27,48.4
51109,Louisa,VA,0.33,40
51111,Lunenburg,VA,0.538,36.3
51113,Madison,VA,0.384,41
51115,Mathews,VA,0.304,45.9
51117,Mecklenburg,VA,0.441,38.8
51119,Middlesex,VA,0.233,43.7
51121,Montgomery,VA,0.374,40.2
51125,Nelson,VA,0.344,41.6
51127,New Kent,VA,0.256,44.3
51131,Northampton,VA,0.436,37.4
51133,Northumberland,VA,0.396,37.8
51135,Nottoway,VA,0.443,37.4
51137,Orange,VA,0.342,40.2
51139,Page,VA,0.313,42.7
51141,Patrick,VA,0.382,43.8
51143,Pittsylvania,NC,0.391,40.5
51145,Powhatan,VA,0.261,42.3
51147,Prince Edward,VA,0.416,36.4
51149,Prince George,VA,0.355,40.9
51153,Prince William,DC,0.338,42.8
51155,Pulaski,VA,0.448,35.3
51157,Rappahannock,DC,0.204,44.8
51159,Richmond,VA,0.502,40.6
51161,Roanoke,VA,0.341,43.7
51163,Rockbridge,VA,0.26,44.8
51165,Rockingham,VA,0.287,44.6
51167,Russell,VA,0.32,46.7
51169,Scott,TN,0.384,43.3
51171,Shenandoah,VA,0.309,45.1
51173,Smyth,TN,0.37,39.8
51175,Southampton,VA,0.435,38.4
51177,Spotsylvania,VA,0.329,42.6
51179,Stafford,VA,0.312,44.2
51181,Surry,VA,0.354,40.7
51183,Sussex,VA,0.442,37.3
51185,Tazewell,VA,0.355,43.5
51187,Warren,DC,0.285,43.6
51191,Washington,TN,0.338,42.1
51193,Westmoreland,VA,0.341,39.3
51195,Wise,VA,0.314,43.2
51197,Wythe,VA,0.325,43
51199,York,VA,0.363,42.4
51510,Alexandria City,DC,0.263,43.7
51515,Bedford City,VA,0.358,40.2
51520,Bristol City,TN,0.373,37.7
51530,Buena Vista City,VA,0.439,41.5
51540,Charlottesville City,VA,0.394,34.5
51550,Chesapeake City,VA,0.376,39.4
51560,Clifton Forge City,VA,,
51570,Colonial Heights City,VA,0.326,43.8
51580,Covington City,VA,0.43,41.1
51590,Danville City,NC,0.44,34.9
51595,Emporia City,NC,0.55,34.6
51600,Fairfax City,DC,0.185,53.3
51610,Falls Church City,DC,0.236,47.3
51620,Franklin City,VA,0.4,35.6
51630,Fredericksburg City,VA,0.292,37.7
51640,Galax City,VA,0.443,40
51650,Hampton City,VA,0.375,37.4
51660,Harrisonburg City,VA,0.36,42.4
51670,Hopewell City,VA,0.384,37.9
51678,Lexington City,VA,0.373,44.3
51680,Lynchburg City,VA,0.42,36.8
51683,Manassas City,DC,0.303,45
51685,Manassas Park City,DC,0.315,45.1
51690,Martinsville City,VA,0.405,35
51700,Newport News City,VA,0.41,36.3
51710,Norfolk City,VA,0.385,35
51720,Norton City,VA,,
51730,Petersburg City,VA,0.366,33.7
51735,Poquoson City,VA,0.253,51
51740,Portsmouth City,VA,0.37,35.8
51750,Radford,VA,0.36,39.3
51760,Richmond City,VA,0.347,30.9
51770,Roanoke City,VA,0.407,35.1
51775,Salem City,VA,0.331,42.6
51790,Staunton City,VA,0.35,40.2
51800,Suffolk City,VA,0.416,36.1
51810,Virginia Beach City,VA,0.334,40.7
51820,Waynesboro City,VA,0.37,39.3
51830,Williamsburg City,VA,,
51840,Winchester City,VA,0.403,39.5
53001,Adams,WA,0.329,47.7
53003,Asotin,ID,0.389,40.4
53005,Benton,WA,0.275,45.2
53007,Chelan,WA,0.242,45.5
53009,Clallam,WA,0.311,40.4
53011,Clark,OR,0.274,41.9
53013,Columbia,WA,,
53015,Cowlitz,WA,0.325,40.4
53017,Douglas,WA,0.323,43.6
53019,Ferry,WA,0.309,40
53021,Franklin,WA,0.311,43.6
53023,Garfield,ID,,
53025,Grant,WA,0.308,44.4
53027,Grays Harbor,WA,0.371,40.8
53029,Island,WA,0.225,45.3
53031,Jefferson,WA,0.215,44.1
53033,King,WA,0.273,43.8
53035,Kitsap,WA,0.275,42.7
53037,Kittitas,WA,0.278,46.5
53039,Klickitat,OR,0.395,40.6
53041,Lewis,WA,0.296,43.4
53043,Lincoln,WA,0.301,48.4
53045,Mason,WA,0.246,41.9
53047,Okanogan,WA,0.299,42
53049,Pacific,WA,0.345,42.5
53051,Pend Oreille,WA,0.342,44.5
53053,Pierce,WA,0.285,42
53055,San Juan,WA,0.255,39.1
53057,Skagit,WA,0.26,44.2
53059,Skamania,OR,0.346,40.2
53061,Snohomish,WA,0.248,44.2
53063,Spokane,WA,0.312,41.9
53065,Stevens,WA,0.289,43
53067,Thurston,WA,0.271,42.2
53069,Wahkiakum,WA,,
53071,Walla Walla,WA,0.278,43.5
53073,Whatcom,WA,0.276,44.1
53075,Whitman,WA,0.265,50.4
53077,Yakima,WA,0.304,42.9
54001,Barbour,WV,0.363,46.3
54003,Berkeley,PA,0.356,39.4
54005,Boone,WV,0.337,44
54007,Braxton,WV,0.339,48.3
54009,Brooke,OH,0.333,43
54011,Cabell,KY,0.391,38.1
54013,Calhoun,WV,0.311,50.8
54015,Clay,WV,0.27,44.5
54017,Doddridge,WV,,
54019,Fayette,WV,0.358,43.3
54021,Gilmer,WV,,
54023,Grant,MD,0.452,41.3
54025,Greenbrier,WV,0.358,43
54027,Hampshire,VA,0.371,40.6
54029,Hancock,OH,0.423,40.5
54031,Hardy,MD,0.371,42.6
54033,Harrison,WV,0.396,41.9
54035,Jackson,WV,0.406,40.8
54037,Jefferson,PA,0.356,39.3
54039,Kanawha,WV,0.348,40.4
54041,Lewis,WV,0.33,46.4
54043,Lincoln,WV,0.398,45.7
54045,Logan,WV,0.302,44.9
54047,McDowell,WV,0.268,42.4
54049,Marion,WV,0.345,45.1
54051,Marshall,WV,0.285,47
54053,Mason,OH,0.345,41.7
54055,Mercer,VA,0.354,40.5
54057,Mineral,MD,0.377,43.9
54059,Mingo,KY,0.383,44.9
54061,Monongalia,WV,0.338,43.2
54063,Monroe,VA,0.348,44.2
54065,Morgan,PA,0.303,42
54067,Nicholas,WV,0.374,45.9
54069,Ohio,WV,0.38,41.8
54071,Pendleton,VA,0.398,47.6
54073,Pleasants,WV,0.25,49.7
54075,Pocahontas,WV,0.201,45.3
54077,Preston,WV,0.356,47.3
54079,Putnam,WV,0.277,44.7
54081,Raleigh,WV,0.315,44.5
54083,Randolph,WV,0.372,42.8
54085,Ritchie,WV,0.474,43.2
54087,Roane,WV,0.352,45.1
54089,Summers,WV,0.433,39.9
54091,Taylor,WV,0.438,44.2
54093,Tucker,WV,,
54095,Tyler,WV,0.176,50.8
54097,Upshur,WV,0.303,46.7
54099,Wayne,KY,0.386,41.2
54101,Webster,WV,0.38,46.6
54103,Wetzel,WV,0.367,44.3
54105,Wirt,WV,0.344,43.8
54107,Wood,WV,0.387,39.1
54109,Wyoming,WV,0.248,47.3
55001,Adams,WI,0.401,39.4
55003,Ashland,WI,0.375,44.9
55005,Barron,WI,0.312,49.1
55007,Bayfield,WI,0.225,43.6
55009,Brown,WI,0.328,46.2
55011,Buffalo,WI,0.211,52.8
55013,Burnett,WI,0.261,45.5
55015,Calumet,WI,0.267,53.6
55017,Chippewa,WI,0.289,48.6
55019,Clark,WI,0.259,52.7
55021,Columbia,WI,0.254,47.5
55023,Crawford,WI,0.303,50.3
55025,Dane,WI,0.343,42.4
55027,Dodge,WI,0.259,50.1
55029,Door,WI,0.197,51.1
55031,Douglas,MN,0.388,42.6
55033,Dunn,WI,0.292,48.6
55035,Eau Claire,WI,0.307,46.1
55037,Florence,MI,,
55039,Fond Du Lac,WI,0.337,48.3
55041,Forest,WI,0.335,48.5
55043,Grant,WI,0.274,51.5
55045,Green,WI,0.295,48
55047,Green Lake,WI,0.253,50.9
55049,Iowa,WI,0.186,53
55051,Iron,MI,,
55053,Jackson,WI,0.254,46.1
55055,Jefferson,WI,0.299,46.5
55057,Juneau,WI,0.212,48.4
55059,Kenosha,WI,0.388,38.1
55061,Kewaunee,WI,0.315,49.6
55063,La Crosse,WI,0.339,45.3
55065,Lafayette,WI,0.268,54.3
55067,Langlade,WI,0.294,46
55069,Lincoln,WI,0.299,48
55071,Manitowoc,WI,0.308,48.2
55073,Marathon,WI,0.255,49.9
55075,Marinette,MI,0.346,46.5
55077,Marquette,WI,0.381,43.7
55078,Menominee,WI,,
55079,Milwaukee,WI,0.434,36.1
55081,Monroe,WI,0.31,47
55083,Oconto,WI,0.314,47.2
55085,Oneida,WI,0.315,45.6
55087,Outagamie,WI,0.297,48.2
55089,Ozaukee,WI,0.257,49.7
55091,Pepin,WI,0.182,58.9
55093,Pierce,MN,0.205,53.8
55095,Polk,WI,0.267,47.4
55097,Portage,WI,0.28,48.1
55099,Price,WI,0.295,50.3
55101,Racine,WI,0.383,39.6
55103,Richland,WI,0.298,44.4
55105,Rock,WI,0.338,41.2
55107,Rusk,WI,0.39,46.6
55109,St Croix,MN,0.243,50.1
55111,Sauk,WI,0.346,46.3
55113,Sawyer,WI,0.328,42.1
55115,Shawano,WI,0.282,48.4
55117,Sheboygan,WI,0.318,46.3
55119,Taylor,WI,0.271,50.9
55121,Trempealeau,WI,0.263,50.9
55123,Vernon,WI,0.284,49.5
55125,Vilas,WI,0.285,44.3
55127,Walworth,WI,0.265,45.3
55129,Washburn,WI,0.256,46.1
55131,Washington,WI,0.282,49.6
55133,Waukesha,WI,0.295,47.8
55135,Waupaca,WI,0.227,49.1
55137,Waushara,WI,0.288,46.4
55139,Winnebago,WI,0.334,44.5
55141,Wood,WI,0.293,48.5
56001,Albany,WY,0.225,48.5
56003,Big Horn,WY,0.152,53.2
56005,Campbell,WY,0.225,54.7
56007,Carbon,WY,0.252,49.4
56009,Converse,WY,0.288,54.2
56011,Crook,WY,0.166,61.7
56013,Fremont,WY,0.338,46.4
56015,Goshen,WY,0.305,48.8
56017,Hot Springs,WY,,
56019,Johnson,WY,0.198,56.3
56021,Laramie,WY,0.285,45.2
56023,Lincoln,WY,0.19,52.7
56025,Natrona,WY,0.293,49.5
56027,Niobrara,WY,,
56029,Park,WY,0.219,52.4
56031,Platte,WY,0.198,54.1
56033,Sheridan,WY,0.227,50.9
56035,Sublette,WY,,
56037,Sweetwater,WY,0.204,53.1
56039,Teton,WY,0.145,50.4
56041,Uinta,WY,0.316,50.3
56043,Washakie,WY,0.342,47.5
56045,Weston,WY,0.289,52.6